Height (mm);Total slice surface (mm²)
0.06;0.000
0.18;0.000
0.30;0.000
0.42;0.000
0.54;0.000
0.66;0.000
0.78;0.000
0.90;0.000
1.02;0.000
1.14;0.000
1.26;0.000
1.38;0.000
1.50;0.000
1.62;0.000
1.74;0.000
1.86;0.000
1.98;0.000
2.10;0.000
2.22;0.000
2.34;0.000
2.46;0.000
2.58;0.000
2.70;0.000
2.82;0.000
2.94;0.000
3.06;0.000
3.18;0.000
3.30;0.000
3.42;0.000
3.54;0.000
3.66;0.000
3.78;0.000
3.90;0.000
4.02;0.000
4.14;0.000
4.26;0.000
4.38;0.000
4.50;0.000
4.62;0.000
4.74;0.000
4.86;0.000
4.98;0.000
5.10;0.000
5.22;0.000
5.34;0.000
5.46;0.000
5.58;0.000
5.70;0.000
5.82;0.000
5.94;138.149
6.06;447.077
6.18;740.738
6.30;1045.846
6.42;1344.109
6.54;1659.911
6.66;1943.705
6.78;2249.886
6.90;2559.142
7.02;2841.842
7.14;3139.348
7.26;3451.660
7.38;3740.432
7.50;4025.230
7.62;4320.473
7.74;4626.169
7.86;4920.006
7.98;5199.420
8.10;5486.550
8.22;5781.402
8.34;6083.966
8.46;6368.851
8.58;6645.706
8.70;6928.456
8.82;7217.097
8.94;7511.627
9.06;7806.247
9.18;8076.817
9.30;8352.004
9.42;8631.798
9.54;8916.202
9.66;9205.214
9.78;9496.338
9.90;9762.512
10.02;10032.361
10.14;10305.893
10.26;10583.095
10.38;10863.979
10.50;11148.547
10.62;11425.449
10.74;11687.936
10.86;11953.399
10.98;12221.848
11.10;12493.276
11.22;12767.681
11.34;13045.071
11.46;13322.373
11.58;13578.738
11.70;13837.559
11.82;14098.817
11.94;14362.514
12.06;14628.657
12.18;14897.244
12.30;15168.272
12.42;15435.293
12.54;15686.191
12.66;15939.117
12.78;16194.064
12.90;16451.032
13.02;16710.021
13.14;16971.039
13.26;17234.075
13.38;17499.135
13.50;17746.518
13.62;17992.010
13.74;18239.185
13.86;18488.042
13.98;18738.597
14.10;18990.827
14.22;19244.749
14.34;19500.352
14.46;19757.643
14.58;19997.342
14.70;20235.852
14.82;20475.783
14.94;20717.130
15.06;20959.885
15.18;21204.053
15.30;21449.639
15.42;21696.641
15.54;21945.056
15.66;22186.920
15.78;22417.317
15.90;22648.917
16.02;22881.707
16.14;23115.681
16.26;23350.850
16.38;23587.206
16.50;23824.751
16.62;24063.484
16.74;24303.413
16.86;24537.219
16.98;24759.780
17.10;24983.348
17.22;25207.910
17.34;25433.486
17.46;25660.066
17.58;25887.653
17.70;26116.239
17.82;26345.826
17.94;26576.422
18.06;26808.024
18.18;27024.444
18.30;27239.133
18.42;27454.687
18.54;27671.081
18.66;27888.330
18.78;28106.418
18.90;28325.365
19.02;28545.151
19.14;28765.804
19.26;28987.288
19.38;29209.628
19.50;29417.122
19.62;29623.064
19.74;29829.725
19.86;30037.111
19.98;30245.207
20.10;30454.024
20.22;30663.558
20.34;30873.810
20.46;31084.780
20.58;31296.464
20.70;31508.879
20.82;31714.690
20.94;31911.189
21.06;32108.298
21.18;32305.999
21.30;32504.323
21.42;32703.240
21.54;32902.776
21.66;33102.920
21.78;33303.660
21.90;33505.010
22.02;33706.973
22.14;33909.539
22.26;34103.844
22.38;34290.944
22.50;34478.552
22.62;34666.665
22.74;34855.303
22.86;35044.444
22.98;35234.092
23.10;35424.263
23.22;35614.942
23.34;35806.130
23.46;35997.835
23.58;36190.036
23.70;36379.168
23.82;36556.266
23.94;36733.794
24.06;36911.762
24.18;37090.158
24.30;37268.974
24.42;37448.218
24.54;37627.909
24.66;37808.011
24.78;37988.554
24.90;38169.534
25.02;38350.933
25.14;38532.764
25.26;38706.936
25.38;38873.958
25.50;39041.344
25.62;39209.068
25.74;39377.179
25.86;39545.633
25.98;39714.449
26.10;39883.618
26.22;40053.153
26.34;40223.058
26.46;40393.311
26.58;40563.931
26.70;40734.894
26.82;40899.627
26.94;41056.103
27.06;41212.879
27.18;41369.953
27.30;41527.321
27.42;41684.991
27.54;41842.959
27.66;42001.227
27.78;42159.791
27.90;42318.661
28.02;42477.823
28.14;42637.279
28.26;42797.055
28.38;42957.099
28.50;43102.691
28.62;43248.491
28.74;43394.558
28.86;43540.861
28.98;43687.400
29.10;43834.205
29.22;43981.237
29.34;44128.519
29.46;44276.054
29.58;44423.838
29.70;44571.854
29.82;44720.126
29.94;44868.649
30.06;45014.008
30.18;45148.542
30.30;45283.280
30.42;45418.211
30.54;45553.341
30.66;45688.679
30.78;45824.211
30.90;45959.956
31.02;46095.889
31.14;46232.025
31.26;46368.369
31.38;46504.899
31.50;46641.644
31.62;46778.588
31.74;46913.373
31.86;47036.540
31.98;47159.867
32.10;47283.356
32.22;47407.013
32.34;47530.826
32.46;47654.807
32.58;47778.945
32.70;47903.238
32.82;48027.701
32.94;48152.320
33.06;48277.113
33.18;48402.060
33.30;48527.163
33.42;48652.433
33.54;48766.479
33.66;48878.143
33.78;48989.933
33.90;49101.837
34.02;49213.879
34.14;49326.044
34.26;49438.350
34.38;49550.766
34.50;49663.319
34.62;49776.002
34.74;49888.815
34.86;50001.746
34.98;50114.812
35.10;50227.997
35.22;50338.398
35.34;50438.168
35.46;50538.054
35.58;50638.035
35.70;50738.112
35.82;50838.281
35.94;50938.551
36.06;51038.936
36.18;51139.406
36.30;51239.967
36.42;51340.636
36.54;51441.407
36.66;51542.281
36.78;51643.240
36.90;51744.303
37.02;51840.344
37.14;51928.128
37.26;52015.977
37.38;52103.914
37.50;52191.930
37.62;52279.992
37.74;52368.150
37.86;52456.379
37.98;52544.678
38.10;52633.066
38.22;52721.509
38.34;52810.038
38.46;52898.640
38.58;52987.319
38.70;53076.059
38.82;53160.306
38.94;53235.899
39.06;53311.531
39.18;53387.222
39.30;53462.956
39.42;53538.753
39.54;53614.607
39.66;53690.516
39.78;53766.482
39.90;53842.484
40.02;53918.549
40.14;53994.673
40.26;54070.842
40.38;54147.084
40.50;54223.358
40.62;54297.970
40.74;54361.212
40.86;54424.492
40.98;54487.803
41.10;54551.155
41.22;54614.550
41.34;54677.974
41.46;54741.442
41.58;54804.936
41.70;54868.474
41.82;54932.048
41.94;54995.653
42.06;55059.304
42.18;55122.986
42.30;55186.707
42.42;55250.467
42.54;55304.257
42.66;55355.024
42.78;55405.839
42.90;55456.677
43.02;55507.505
43.14;55558.390
43.26;55609.285
43.38;55660.208
43.50;55711.151
43.62;55762.121
43.74;55813.108
43.86;55864.126
43.98;55915.162
44.10;55966.217
44.22;56017.308
44.34;56064.774
44.46;56102.956
44.58;56141.136
44.70;56179.346
44.82;56217.566
44.94;56255.799
45.06;56294.033
45.18;56332.280
45.30;56370.566
45.42;56408.843
45.54;56447.130
45.66;56485.446
45.78;56523.760
45.90;56562.092
46.02;56600.436
46.14;56638.803
46.26;56668.217
46.38;56693.742
46.50;56719.286
46.62;56744.813
46.74;56770.368
46.86;56795.919
46.98;56821.474
47.10;56847.055
47.22;56872.615
47.34;56898.187
47.46;56923.770
47.58;56949.362
47.70;56974.948
47.82;57000.554
47.94;57026.152
48.06;57051.193
48.18;57063.961
48.30;57076.735
48.42;57089.524
48.54;57102.306
48.66;57115.082
48.78;57127.868
48.90;57140.664
49.02;57153.444
49.14;57166.243
49.26;57179.048
49.38;57191.825
49.50;57204.628
49.62;57217.422
49.74;57230.227
49.86;57243.012
49.98;57251.293
50.10;57251.293
50.22;57251.292
50.34;57251.294
50.46;57251.294
50.58;57251.292
50.70;57251.293
50.82;57251.293
50.94;57251.293
51.06;57251.293
51.18;57251.292
51.30;57251.294
51.42;57251.294
51.54;57251.292
51.66;57251.293
51.78;57251.293
51.90;57243.012
52.02;57230.227
52.14;57217.422
52.26;57204.628
52.38;57191.825
52.50;57179.049
52.62;57166.243
52.74;57153.444
52.86;57140.664
52.98;57127.868
53.10;57115.083
53.22;57102.306
53.34;57089.524
53.46;57076.735
53.58;57063.961
53.70;57051.193
53.82;57026.152
53.94;57000.554
54.06;56974.949
54.18;56949.363
54.30;56923.770
54.42;56898.187
54.54;56872.615
54.66;56847.055
54.78;56821.474
54.90;56795.920
55.02;56770.368
55.14;56744.813
55.26;56719.286
55.38;56693.742
55.50;56668.217
55.62;56638.803
55.74;56600.436
55.86;56562.093
55.98;56523.760
56.10;56485.446
56.22;56447.130
56.34;56408.843
56.46;56370.565
56.58;56332.281
56.70;56294.033
56.82;56255.800
56.94;56217.566
57.06;56179.347
57.18;56141.136
57.30;56102.956
57.42;56064.774
57.54;56017.308
57.66;55966.217
57.78;55915.162
57.90;55864.126
58.02;55813.108
58.14;55762.121
58.26;55711.150
58.38;55660.208
58.50;55609.285
58.62;55558.390
58.74;55507.505
58.86;55456.677
58.98;55405.839
59.10;55355.024
59.22;55304.257
59.34;55250.467
59.46;55186.707
59.58;55122.986
59.70;55059.304
59.82;54995.653
59.94;54932.048
60.06;54868.474
60.18;54804.936
60.30;54741.442
60.42;54677.974
60.54;54614.550
60.66;54551.155
60.78;54487.803
60.90;54424.492
61.02;54361.212
61.14;54297.970
61.26;54223.358
61.38;54147.084
61.50;54070.842
61.62;53994.673
61.74;53918.549
61.86;53842.485
61.98;53766.482
62.10;53690.517
62.22;53614.607
62.34;53538.753
62.46;53462.956
62.58;53387.222
62.70;53311.531
62.82;53235.899
62.94;53160.306
63.06;53076.059
63.18;52987.319
63.30;52898.640
63.42;52810.038
63.54;52721.509
63.66;52633.066
63.78;52544.678
63.90;52456.379
64.02;52368.150
64.14;52279.992
64.26;52191.930
64.38;52103.914
64.50;52015.977
64.62;51928.128
64.74;51840.344
64.86;51744.303
64.98;51643.240
65.10;51542.281
65.22;51441.407
65.34;51340.636
65.46;51239.967
65.58;51139.406
65.70;51038.936
65.82;50938.551
65.94;50838.280
66.06;50738.112
66.18;50638.035
66.30;50538.054
66.42;50438.169
66.54;50338.398
66.66;50227.997
66.78;50114.812
66.90;50001.746
67.02;49888.815
67.14;49776.002
67.26;49663.319
67.38;49550.766
67.50;49438.350
67.62;49326.044
67.74;49213.879
67.86;49101.837
67.98;48989.933
68.10;48878.143
68.22;48766.479
68.34;48652.433
68.46;48527.163
68.58;48402.060
68.70;48277.113
68.82;48152.320
68.94;48027.701
69.06;47903.238
69.18;47778.945
69.30;47654.807
69.42;47530.825
69.54;47407.013
69.66;47283.356
69.78;47159.866
69.90;47036.540
70.02;46913.373
70.14;46778.588
70.26;46641.644
70.38;46504.899
70.50;46368.370
70.62;46232.025
70.74;46095.889
70.86;45959.956
70.98;45824.212
71.10;45688.679
71.22;45553.341
71.34;45418.211
71.46;45283.280
71.58;45148.542
71.70;45014.008
71.82;44868.655
71.94;44720.141
72.06;44571.878
72.18;44423.873
72.30;44276.108
72.42;44128.578
72.54;43981.295
72.66;43834.258
72.78;43687.479
72.90;43540.938
73.02;43394.634
73.14;43248.598
73.26;43102.793
73.38;42957.241
73.50;42797.169
73.62;42637.402
73.74;42477.934
73.86;42318.754
73.98;42159.878
74.10;42001.305
74.22;41843.020
74.34;41685.045
74.46;41527.363
74.58;41369.988
74.70;41212.910
74.82;41056.124
74.94;40899.631
75.06;40734.894
75.18;40563.931
75.30;40393.311
75.42;40223.058
75.54;40053.153
75.66;39883.618
75.78;39714.449
75.90;39545.633
76.02;39377.179
76.14;39209.068
76.26;39041.344
76.38;38873.958
76.50;38706.936
76.62;38532.764
76.74;38350.933
76.86;38169.534
76.98;37988.554
77.10;37808.011
77.22;37627.909
77.34;37448.218
77.46;37268.974
77.58;37090.158
77.70;36911.762
77.82;36733.794
77.94;36556.266
78.06;36379.168
78.18;36190.036
78.30;35997.835
78.42;35806.131
78.54;35614.942
78.66;35424.263
78.78;35234.092
78.90;35044.444
79.02;34855.303
79.14;34666.665
79.26;34478.552
79.38;34290.944
79.50;34103.844
79.62;33909.539
79.74;33706.973
79.86;33505.010
79.98;33303.660
80.10;33102.920
80.22;32902.776
80.34;32703.240
80.46;32504.323
80.58;32306.000
80.70;32108.298
80.82;31911.189
80.94;31714.690
81.06;31508.879
81.18;31296.464
81.30;31084.779
81.42;30873.810
81.54;30663.558
81.66;30454.024
81.78;30245.207
81.90;30037.110
82.02;29829.725
82.14;29623.064
82.26;29417.122
82.38;29209.628
82.50;28987.288
82.62;28765.804
82.74;28545.151
82.86;28325.365
82.98;28106.418
83.10;27888.330
83.22;27671.081
83.34;27454.687
83.46;27239.133
83.58;27024.444
83.70;26808.024
83.82;26576.422
83.94;26345.827
84.06;26116.239
84.18;25887.653
84.30;25660.066
84.42;25433.486
84.54;25207.910
84.66;24983.348
84.78;24759.780
84.90;24537.219
85.02;24303.413
85.14;24063.485
85.26;23824.751
85.38;23587.206
85.50;23350.850
85.62;23115.681
85.74;22881.706
85.86;22648.917
85.98;22417.317
86.10;22186.920
86.22;21945.056
86.34;21696.641
86.46;21449.639
86.58;21204.053
86.70;20959.885
86.82;20717.130
86.94;20475.783
87.06;20235.852
87.18;19997.342
87.30;19757.643
87.42;19500.352
87.54;19244.749
87.66;18990.827
87.78;18738.597
87.90;18488.042
88.02;18239.185
88.14;17992.010
88.26;17746.518
88.38;17499.135
88.50;17234.074
88.62;16971.039
88.74;16710.021
88.86;16451.032
88.98;16194.064
89.10;15939.117
89.22;15686.191
89.34;15435.293
89.46;15168.272
89.58;14897.244
89.70;14628.658
89.82;14362.514
89.94;14098.817
90.06;13837.559
90.18;13578.738
90.30;13322.372
90.42;13045.071
90.54;12767.681
90.66;12493.276
90.78;12221.848
90.90;11953.399
91.02;11687.936
91.14;11425.449
91.26;11148.547
91.38;10863.979
91.50;10583.095
91.62;10305.893
91.74;10032.361
91.86;9762.512
91.98;9496.338
92.10;9205.213
92.22;8916.202
92.34;8631.798
92.46;8352.004
92.58;8076.817
92.70;7806.247
92.82;7511.627
92.94;7217.097
93.06;6928.456
93.18;6645.706
93.30;6368.851
93.42;6083.966
93.54;5781.403
93.66;5486.550
93.78;5199.420
93.90;4920.006
94.02;4626.169
94.14;4320.473
94.26;4025.230
94.38;3740.432
94.50;3451.660
94.62;3139.348
94.74;2841.842
94.86;2559.142
94.98;2249.886
95.10;1943.705
95.22;1659.911
95.34;1344.109
95.46;1045.846
95.58;740.738
95.70;447.077
95.82;138.149
95.94;0.000
96.06;0.000
96.18;0.000
96.30;0.000
96.42;0.000
96.54;0.000
96.66;0.000
96.78;0.000
96.90;0.000
97.02;0.000
97.14;0.000
97.26;0.000
97.38;0.000
97.50;0.000
97.62;0.000
97.74;0.000
97.86;0.000
97.98;0.000
98.10;0.000
98.22;0.000
98.34;0.000
98.46;0.000
98.58;0.000
98.70;0.000
98.82;0.000
98.94;0.000
99.06;0.000
99.18;0.000
99.30;0.000
99.42;0.000
99.54;0.000
99.66;0.000
99.78;0.000
99.90;0.000
100.02;0.000
100.14;0.000
100.26;0.000
100.38;0.000
100.50;0.000
100.62;0.000
100.74;0.000
100.86;0.000
100.98;0.000
101.10;0.000
101.22;0.000
101.34;0.000
101.46;0.000
101.58;0.000
101.70;0.000
101.82;0.000
101.94;0.000
102.06;0.000
102.18;0.000
102.30;0.000
102.42;0.000
102.54;0.000
102.66;0.000
102.78;0.000
102.90;0.000
103.02;0.000
103.14;0.000
103.26;0.000
103.38;0.000
103.50;0.000
103.62;0.000
103.74;0.000
103.86;0.000
103.98;0.000
104.10;0.000
104.22;0.000
104.34;0.000
104.46;0.000
104.58;0.000
104.70;0.000
104.82;0.000
104.94;0.000
105.06;0.000
105.18;0.000
105.30;0.000
105.42;0.000
105.54;0.000
105.66;138.149
105.78;447.077
105.90;740.738
106.02;1045.846
106.14;1344.109
106.26;1659.911
106.38;1943.705
106.50;2249.886
106.62;2559.142
106.74;2841.842
106.86;3139.348
106.98;3451.660
107.10;3740.432
107.22;4025.230
107.34;4320.473
107.46;4626.169
107.58;4920.006
107.70;5199.420
107.82;5486.550
107.94;5781.402
108.06;6083.966
108.18;6368.851
108.30;6645.706
108.42;6928.456
108.54;7217.097
108.66;7511.627
108.78;7806.247
108.90;8076.817
109.02;8352.004
109.14;8631.798
109.26;8916.202
109.38;9205.214
109.50;9496.338
109.62;9762.512
109.74;10032.361
109.86;10305.893
109.98;10583.095
110.10;10863.979
110.22;11148.547
110.34;11425.449
110.46;11687.936
110.58;11953.399
110.70;12221.848
110.82;12493.276
110.94;12767.681
111.06;13045.071
111.18;13322.373
111.30;13578.738
111.42;13837.559
111.54;14098.817
111.66;14362.514
111.78;14628.657
111.90;14897.244
112.02;15168.272
112.14;15435.293
112.26;15686.191
112.38;15939.117
112.50;16194.064
112.62;16451.032
112.74;16710.021
112.86;16971.039
112.98;17234.075
113.10;17499.135
113.22;17746.518
113.34;17992.010
113.46;18239.185
113.58;18488.042
113.70;18738.597
113.82;18990.827
113.94;19244.749
114.06;19500.352
114.18;19757.643
114.30;19997.342
114.42;20235.852
114.54;20475.783
114.66;20717.130
114.78;20959.885
114.90;21204.053
115.02;21449.639
115.14;21696.641
115.26;21945.056
115.38;22186.920
115.50;22417.317
115.62;22648.917
115.74;22881.707
115.86;23115.681
115.98;23350.850
116.10;23587.206
116.22;23824.751
116.34;24063.484
116.46;24303.413
116.58;24537.219
116.70;24759.780
116.82;24983.348
116.94;25207.910
117.06;25433.486
117.18;25660.066
117.30;25887.653
117.42;26116.239
117.54;26345.826
117.66;26576.422
117.78;26808.024
117.90;27024.444
118.02;27239.133
118.14;27454.687
118.26;27671.081
118.38;27888.330
118.50;28106.418
118.62;28325.365
118.74;28545.151
118.86;28765.804
118.98;28987.288
119.10;29209.628
119.22;29417.122
119.34;29623.064
119.46;29829.725
119.58;30037.111
119.70;30245.207
119.82;30454.024
119.94;30663.558
120.06;30873.810
120.18;31084.780
120.30;31296.464
120.42;31508.879
120.54;31714.690
120.66;31911.189
120.78;32108.298
120.90;32305.999
121.02;32504.323
121.14;32703.240
121.26;32902.776
121.38;33102.920
121.50;33303.660
121.62;33505.010
121.74;33706.973
121.86;33909.539
121.98;34103.844
122.10;34290.944
122.22;34478.552
122.34;34666.665
122.46;34855.303
122.58;35044.444
122.70;35234.092
122.82;35424.263
122.94;35614.942
123.06;35806.130
123.18;35997.835
123.30;36190.036
123.42;36379.168
123.54;36556.266
123.66;36733.794
123.78;36911.762
123.90;37090.158
124.02;37268.974
124.14;37448.218
124.26;37627.909
124.38;37808.011
124.50;37988.554
124.62;38169.534
124.74;38350.933
124.86;38532.764
124.98;38706.936
125.10;38873.958
125.22;39041.344
125.34;39209.068
125.46;39377.179
125.58;39545.633
125.70;39714.449
125.82;39883.618
125.94;40053.153
126.06;40223.058
126.18;40393.311
126.30;40563.931
126.42;40734.894
126.54;40899.627
126.66;41056.103
126.78;41212.879
126.90;41369.953
127.02;41527.321
127.14;41684.991
127.26;41842.959
127.38;42001.227
127.50;42159.791
127.62;42318.661
127.74;42477.823
127.86;42637.279
127.98;42797.055
128.10;42957.099
128.22;43102.691
128.34;43248.491
128.46;43394.558
128.58;43540.861
128.70;43687.400
128.82;43834.205
128.94;43981.237
129.06;44128.519
129.18;44276.054
129.30;44423.838
129.42;44571.854
129.54;44720.126
129.66;44868.649
129.78;45014.008
129.90;45148.542
130.02;45283.280
130.14;45418.211
130.26;45553.341
130.38;45688.679
130.50;45824.211
130.62;45959.956
130.74;46095.889
130.86;46232.025
130.98;46368.369
131.10;46504.899
131.22;46641.644
131.34;46778.588
131.46;46913.373
131.58;47036.540
131.70;47159.867
131.82;47283.356
131.94;47407.013
132.06;47530.826
132.18;47654.807
132.30;47778.945
132.42;47903.238
132.54;48027.701
132.66;48152.320
132.78;48277.113
132.90;48402.060
133.02;48527.163
133.14;48652.433
133.26;48766.479
133.38;48878.143
133.50;48989.933
133.62;49101.837
133.74;49213.879
133.86;49326.044
133.98;49438.350
134.10;49550.766
134.22;49663.319
134.34;49776.002
134.46;49888.815
134.58;50001.746
134.70;50114.812
134.82;50227.997
134.94;50338.398
135.06;50438.168
135.18;50538.054
135.30;50638.035
135.42;50738.112
135.54;50838.281
135.66;50938.551
135.78;51038.936
135.90;51139.406
136.02;51239.967
136.14;51340.636
136.26;51441.407
136.38;51542.281
136.50;51643.240
136.62;51744.303
136.74;51840.344
136.86;51928.128
136.98;52015.977
137.10;52103.914
137.22;52191.930
137.34;52279.992
137.46;52368.150
137.58;52456.379
137.70;52544.678
137.82;52633.066
137.94;52721.509
138.06;52810.038
138.18;52898.640
138.30;52987.319
138.42;53076.059
138.54;53160.306
138.66;53235.899
138.78;53311.531
138.90;53387.222
139.02;53462.956
139.14;53538.753
139.26;53614.607
139.38;53690.516
139.50;53766.482
139.62;53842.484
139.74;53918.549
139.86;53994.673
139.98;54070.842
140.10;54147.084
140.22;54223.358
140.34;54297.970
140.46;54361.212
140.58;54424.492
140.70;54487.803
140.82;54551.155
140.94;54614.550
141.06;54677.974
141.18;54741.442
141.30;54804.936
141.42;54868.474
141.54;54932.048
141.66;54995.653
141.78;55059.304
141.90;55122.986
142.02;55186.707
142.14;55250.467
142.26;55304.257
142.38;55355.024
142.50;55405.839
142.62;55456.677
142.74;55507.505
142.86;55558.390
142.98;55609.285
143.10;55660.208
143.22;55711.151
143.34;55762.121
143.46;55813.108
143.58;55864.126
143.70;55915.162
143.82;55966.217
143.94;56017.308
144.06;56064.774
144.18;56102.956
144.30;56141.136
144.42;56179.346
144.54;56217.566
144.66;56255.799
144.78;56294.033
144.90;56332.280
145.02;56370.566
145.14;56408.843
145.26;56447.130
145.38;56485.446
145.50;56523.760
145.62;56562.092
145.74;56600.436
145.86;56638.803
145.98;56668.217
146.10;56693.742
146.22;56719.286
146.34;56744.813
146.46;56770.368
146.58;56795.919
146.70;56821.474
146.82;56847.055
146.94;56872.615
147.06;56898.187
147.18;56923.770
147.30;56949.362
147.42;56974.948
147.54;57000.554
147.66;57026.152
147.78;57051.193
147.90;57063.961
148.02;57076.735
148.14;57089.524
148.26;57102.306
148.38;57115.082
148.50;57127.868
148.62;57140.664
148.74;57153.444
148.86;57166.243
148.98;57179.048
149.10;57191.825
149.22;57204.628
149.34;57217.422
149.46;57230.227
149.58;57243.012
149.70;57251.293
149.82;57251.293
149.94;57251.292
150.06;57251.294
150.18;57251.294
150.30;57251.292
150.42;57251.293
150.54;57251.293
150.66;57251.293
150.78;57251.293
150.90;57251.292
151.02;57251.294
151.14;57251.294
151.26;57251.292
151.38;57251.293
151.50;57251.293
151.62;57243.012
151.74;57230.227
151.86;57217.422
151.98;57204.628
152.10;57191.825
152.22;57179.049
152.34;57166.243
152.46;57153.444
152.58;57140.664
152.70;57127.868
152.82;57115.083
152.94;57102.306
153.06;57089.524
153.18;57076.735
153.30;57063.961
153.42;57051.193
153.54;57026.152
153.66;57000.554
153.78;56974.949
153.90;56949.363
154.02;56923.770
154.14;56898.187
154.26;56872.615
154.38;56847.055
154.50;56821.474
154.62;56795.920
154.74;56770.368
154.86;56744.813
154.98;56719.286
155.10;56693.742
155.22;56668.217
155.34;56638.803
155.46;56600.436
155.58;56562.093
155.70;56523.760
155.82;56485.446
155.94;56447.130
156.06;56408.843
156.18;56370.565
156.30;56332.281
156.42;56294.033
156.54;56255.800
156.66;56217.566
156.78;56179.347
156.90;56141.136
157.02;56102.956
157.14;56064.774
157.26;56017.308
157.38;55966.217
157.50;55915.162
157.62;55864.126
157.74;55813.108
157.86;55762.121
157.98;55711.150
158.10;55660.208
158.22;55609.285
158.34;55558.390
158.46;55507.505
158.58;55456.677
158.70;55405.839
158.82;55355.024
158.94;55304.257
159.06;55250.467
159.18;55186.707
159.30;55122.986
159.42;55059.304
159.54;54995.653
159.66;54932.048
159.78;54868.474
159.90;54804.936
160.02;54741.442
160.14;54677.974
160.26;54614.550
160.38;54551.155
160.50;54487.803
160.62;54424.492
160.74;54361.212
160.86;54297.970
160.98;54223.358
161.10;54147.084
161.22;54070.842
161.34;53994.673
161.46;53918.549
161.58;53842.485
161.70;53766.482
161.82;53690.517
161.94;53614.607
162.06;53538.753
162.18;53462.956
162.30;53387.222
162.42;53311.531
162.54;53235.899
162.66;53160.306
162.78;53076.059
162.90;52987.319
163.02;52898.640
163.14;52810.038
163.26;52721.509
163.38;52633.066
163.50;52544.678
163.62;52456.379
163.74;52368.150
163.86;52279.992
163.98;52191.930
164.10;52103.914
164.22;52015.977
164.34;51928.128
164.46;51840.344
164.58;51744.303
164.70;51643.240
164.82;51542.281
164.94;51441.407
165.06;51340.636
165.18;51239.967
165.30;51139.406
165.42;51038.936
165.54;50938.551
165.66;50838.280
165.78;50738.112
165.90;50638.035
166.02;50538.054
166.14;50438.169
166.26;50338.398
166.38;50227.997
166.50;50114.812
166.62;50001.746
166.74;49888.815
166.86;49776.002
166.98;49663.319
167.10;49550.766
167.22;49438.350
167.34;49326.044
167.46;49213.879
167.58;49101.837
167.70;48989.933
167.82;48878.143
167.94;48766.479
168.06;48652.433
168.18;48527.163
168.30;48402.060
168.42;48277.113
168.54;48152.320
168.66;48027.701
168.78;47903.238
168.90;47778.945
169.02;47654.807
169.14;47530.825
169.26;47407.013
169.38;47283.356
169.50;47159.866
169.62;47036.540
169.74;46913.373
169.86;46778.588
169.98;46641.644
170.10;46504.899
170.22;46368.370
170.34;46232.025
170.46;46095.889
170.58;45959.956
170.70;45824.212
170.82;45688.679
170.94;45553.341
171.06;45418.211
171.18;45283.280
171.30;45148.542
171.42;45014.008
171.54;44868.655
171.66;44720.141
171.78;44571.878
171.90;44423.873
172.02;44276.108
172.14;44128.578
172.26;43981.295
172.38;43834.258
172.50;43687.479
172.62;43540.938
172.74;43394.634
172.86;43248.598
172.98;43102.793
173.10;42957.241
173.22;42797.169
173.34;42637.402
173.46;42477.934
173.58;42318.754
173.70;42159.878
173.82;42001.305
173.94;41843.020
174.06;41685.045
174.18;41527.363
174.30;41369.988
174.42;41212.910
174.54;41056.124
174.66;40899.631
174.78;40734.894
174.90;40563.931
175.02;40393.311
175.14;40223.058
175.26;40053.153
175.38;39883.618
175.50;39714.449
175.62;39545.633
175.74;39377.179
175.86;39209.068
175.98;39041.344
176.10;38873.958
176.22;38706.936
176.34;38532.764
176.46;38350.933
176.58;38169.534
176.70;37988.554
176.82;37808.011
176.94;37627.909
177.06;37448.218
177.18;37268.974
177.30;37090.158
177.42;36911.762
177.54;36733.794
177.66;36556.266
177.78;36379.168
177.90;36190.036
178.02;35997.835
178.14;35806.131
178.26;35614.942
178.38;35424.263
178.50;35234.092
178.62;35044.444
178.74;34855.303
178.86;34666.665
178.98;34478.552
179.10;34290.944
179.22;34103.844
179.34;33909.539
179.46;33706.973
179.58;33505.010
179.70;33303.660
179.82;33102.920
179.94;32902.776
180.06;32703.240
180.18;32504.323
180.30;32306.000
180.42;32108.298
180.54;31911.189
180.66;31714.690
180.78;31508.879
180.90;31296.464
181.02;31084.779
181.14;30873.810
181.26;30663.558
181.38;30454.024
181.50;30245.207
181.62;30037.110
181.74;29829.725
181.86;29623.064
181.98;29417.122
182.10;29209.628
182.22;28987.288
182.34;28765.804
182.46;28545.151
182.58;28325.365
182.70;28106.418
182.82;27888.330
182.94;27671.081
183.06;27454.687
183.18;27239.133
183.30;27024.444
183.42;26808.024
183.54;26576.422
183.66;26345.827
183.78;26116.239
183.90;25887.653
184.02;25660.066
184.14;25433.486
184.26;25207.910
184.38;24983.348
184.50;24759.780
184.62;24537.219
184.74;24303.413
184.86;24063.485
184.98;23824.751
185.10;23587.206
185.22;23350.850
185.34;23115.681
185.46;22881.706
185.58;22648.917
185.70;22417.317
185.82;22186.920
185.94;21945.056
186.06;21696.641
186.18;21449.639
186.30;21204.053
186.42;20959.885
186.54;20717.130
186.66;20475.783
186.78;20235.852
186.90;19997.342
187.02;19757.643
187.14;19500.352
187.26;19244.749
187.38;18990.827
187.50;18738.597
187.62;18488.042
187.74;18239.185
187.86;17992.010
187.98;17746.518
188.10;17499.135
188.22;17234.074
188.34;16971.039
188.46;16710.021
188.58;16451.032
188.70;16194.064
188.82;15939.117
188.94;15686.191
189.06;15435.293
189.18;15168.272
189.30;14897.244
189.42;14628.658
189.54;14362.514
189.66;14098.817
189.78;13837.559
189.90;13578.738
190.02;13322.372
190.14;13045.071
190.26;12767.681
190.38;12493.276
190.50;12221.848
190.62;11953.399
190.74;11687.936
190.86;11425.449
190.98;11148.547
191.10;10863.979
191.22;10583.095
191.34;10305.893
191.46;10032.361
191.58;9762.512
191.70;9496.338
191.82;9205.213
191.94;8916.202
192.06;8631.798
192.18;8352.004
192.30;8076.817
192.42;7806.247
192.54;7511.627
192.66;7217.097
192.78;6928.456
192.90;6645.706
193.02;6368.851
193.14;6083.966
193.26;5781.403
193.38;5486.550
193.50;5199.420
193.62;4920.006
193.74;4626.169
193.86;4320.473
193.98;4025.230
194.10;3740.432
194.22;3451.660
194.34;3139.348
194.46;2841.842
194.58;2559.142
194.70;2249.886
194.82;1943.705
194.94;1659.911
195.06;1344.109
195.18;1045.846
195.30;740.738
195.42;447.077
195.54;138.149
195.66;0.000
195.78;0.000
195.90;0.000
196.02;0.000
196.14;0.000
196.26;0.000
196.38;0.000
196.50;0.000
196.62;0.000
196.74;0.000
196.86;0.000
196.98;0.000
197.10;0.000
197.22;0.000
197.34;0.000
197.46;0.000
197.58;0.000
197.70;0.000
197.82;0.000
197.94;0.000
198.06;0.000
198.18;0.000
198.30;0.000
198.42;0.000
198.54;0.000
198.66;0.000
198.78;0.000
198.90;0.000
199.02;0.000
199.14;0.000
199.26;0.000
199.38;0.000
199.50;0.000
199.62;0.000
199.74;0.000
199.86;0.000
199.98;0.000
200.10;0.000
200.22;0.000
200.34;0.000
200.46;0.000
200.58;0.000
200.70;0.000
200.82;0.000
200.94;0.000
201.06;0.000
201.18;0.000
201.30;0.000
201.42;0.000
201.54;0.000
201.66;0.000
201.78;0.000
201.90;0.000
202.02;0.000
202.14;0.000
202.26;0.000
202.38;0.000
202.50;0.000
202.62;0.000
202.74;0.000
202.86;0.000
202.98;0.000
203.10;0.000
203.22;0.000
203.34;0.000
203.46;0.000
203.58;0.000
203.70;0.000
203.82;0.000
203.94;0.000
204.06;0.000
204.18;0.000
204.30;0.000
204.42;0.000
204.54;0.000
204.66;0.000
204.78;0.000
204.90;0.000
205.02;0.000
205.14;0.000
205.26;0.000
205.38;138.149
205.50;447.077
205.62;740.738
205.74;1045.846
205.86;1344.109
205.98;1659.911
206.10;1943.705
206.22;2249.886
206.34;2559.142
206.46;2841.842
206.58;3139.348
206.70;3451.660
206.82;3740.432
206.94;4025.230
207.06;4320.473
207.18;4626.169
207.30;4920.006
207.42;5199.420
207.54;5486.550
207.66;5781.402
207.78;6083.966
207.90;6368.851
208.02;6645.706
208.14;6928.456
208.26;7217.097
208.38;7511.627
208.50;7806.247
208.62;8076.817
208.74;8352.004
208.86;8631.798
208.98;8916.202
209.10;9205.214
209.22;9496.338
209.34;9762.512
209.46;10032.361
209.58;10305.893
209.70;10583.095
209.82;10863.979
209.94;11148.547
210.06;11425.449
210.18;11687.936
210.30;11953.399
210.42;12221.848
210.54;12493.276
210.66;12767.681
210.78;13045.071
210.90;13322.373
211.02;13578.738
211.14;13837.559
211.26;14098.817
211.38;14362.514
211.50;14628.657
211.62;14897.244
211.74;15168.272
211.86;15435.293
211.98;15686.191
212.10;15939.117
212.22;16194.064
212.34;16451.032
212.46;16710.021
212.58;16971.039
212.70;17234.075
212.82;17499.135
212.94;17746.518
213.06;17992.010
213.18;18239.185
213.30;18488.042
213.42;18738.597
213.54;18990.827
213.66;19244.749
213.78;19500.352
213.90;19757.643
214.02;19997.342
214.14;20235.852
214.26;20475.783
214.38;20717.130
214.50;20959.885
214.62;21204.053
214.74;21449.639
214.86;21696.641
214.98;21945.056
215.10;22186.920
215.22;22417.317
215.34;22648.917
215.46;22881.707
215.58;23115.681
215.70;23350.850
215.82;23587.206
215.94;23824.751
216.06;24063.484
216.18;24303.413
216.30;24537.219
216.42;24759.780
216.54;24983.348
216.66;25207.910
216.78;25433.486
216.90;25660.066
217.02;25887.653
217.14;26116.239
217.26;26345.826
217.38;26576.422
217.50;26808.024
217.62;27024.444
217.74;27239.133
217.86;27454.687
217.98;27671.081
218.10;27888.330
218.22;28106.418
218.34;28325.365
218.46;28545.151
218.58;28765.804
218.70;28987.288
218.82;29209.628
218.94;29417.122
219.06;29623.064
219.18;29829.725
219.30;30037.111
219.42;30245.207
219.54;30454.024
219.66;30663.558
219.78;30873.810
219.90;31084.780
220.02;31296.464
220.14;31508.879
220.26;31714.690
220.38;31911.189
220.50;32108.298
220.62;32305.999
220.74;32504.323
220.86;32703.240
220.98;32902.776
221.10;33102.920
221.22;33303.660
221.34;33505.010
221.46;33706.973
221.58;33909.539
221.70;34103.844
221.82;34290.944
221.94;34478.552
222.06;34666.665
222.18;34855.303
222.30;35044.444
222.42;35234.092
222.54;35424.263
222.66;35614.942
222.78;35806.130
222.90;35997.835
223.02;36190.036
223.14;36379.168
223.26;36556.266
223.38;36733.794
223.50;36911.762
223.62;37090.158
223.74;37268.974
223.86;37448.218
223.98;37627.909
224.10;37808.011
224.22;37988.554
224.34;38169.534
224.46;38350.933
224.58;38532.764
224.70;38706.936
224.82;38873.958
224.94;39041.344
225.06;39209.068
225.18;39377.179
225.30;39545.633
225.42;39714.449
225.54;39883.618
225.66;40053.153
225.78;40223.058
225.90;40393.311
226.02;40563.931
226.14;40734.894
226.26;40899.627
226.38;41056.103
226.50;41212.879
226.62;41369.953
226.74;41527.321
226.86;41684.991
226.98;41842.959
227.10;42001.227
227.22;42159.791
227.34;42318.661
227.46;42477.823
227.58;42637.279
227.70;42797.055
227.82;42957.099
227.94;43102.691
228.06;43248.491
228.18;43394.558
228.30;43540.861
228.42;43687.400
228.54;43834.205
228.66;43981.237
228.78;44128.519
228.90;44276.054
229.02;44423.838
229.14;44571.854
229.26;44720.126
229.38;44868.649
229.50;45014.008
229.62;45148.542
229.74;45283.280
229.86;45418.211
229.98;45553.341
230.10;45688.679
230.22;45824.211
230.34;45959.956
230.46;46095.889
230.58;46232.025
230.70;46368.369
230.82;46504.899
230.94;46641.644
231.06;46778.588
231.18;46913.373
231.30;47036.540
231.42;47159.867
231.54;47283.356
231.66;47407.013
231.78;47530.826
231.90;47654.807
232.02;47778.945
232.14;47903.238
232.26;48027.701
232.38;48152.320
232.50;48277.113
232.62;48402.060
232.74;48527.163
232.86;48652.433
232.98;48766.479
233.10;48878.143
233.22;48989.933
233.34;49101.837
233.46;49213.879
233.58;49326.044
233.70;49438.350
233.82;49550.766
233.94;49663.319
234.06;49776.002
234.18;49888.815
234.30;50001.746
234.42;50114.812
234.54;50227.997
234.66;50338.398
234.78;50438.168
234.90;50538.054
235.02;50638.035
235.14;50738.112
235.26;50838.281
235.38;50938.551
235.50;51038.936
235.62;51139.406
235.74;51239.967
235.86;51340.636
235.98;51441.407
236.10;51542.281
236.22;51643.240
236.34;51744.303
236.46;51840.344
236.58;51928.128
236.70;52015.977
236.82;52103.914
236.94;52191.930
237.06;52279.992
237.18;52368.150
237.30;52456.379
237.42;52544.678
237.54;52633.066
237.66;52721.509
237.78;52810.038
237.90;52898.640
238.02;52987.319
238.14;53076.059
238.26;53160.306
238.38;53235.899
238.50;53311.531
238.62;53387.222
238.74;53462.956
238.86;53538.753
238.98;53614.607
239.10;53690.516
239.22;53766.482
239.34;53842.484
239.46;53918.549
239.58;53994.673
239.70;54070.842
239.82;54147.084
239.94;54223.358
240.06;54297.970
240.18;54361.212
240.30;54424.492
240.42;54487.803
240.54;54551.155
240.66;54614.550
240.78;54677.974
240.90;54741.442
241.02;54804.936
241.14;54868.474
241.26;54932.048
241.38;54995.653
241.50;55059.304
241.62;55122.986
241.74;55186.707
241.86;55250.467
241.98;55304.257
242.10;55355.024
242.22;55405.839
242.34;55456.677
242.46;55507.505
242.58;55558.390
242.70;55609.285
242.82;55660.208
242.94;55711.151
243.06;55762.121
243.18;55813.108
243.30;55864.126
243.42;55915.162
243.54;55966.217
243.66;56017.308
243.78;56064.774
243.90;56102.956
244.02;56141.136
244.14;56179.346
244.26;56217.566
244.38;56255.799
244.50;56294.033
244.62;56332.280
244.74;56370.566
244.86;56408.843
244.98;56447.130
245.10;56485.446
245.22;56523.760
245.34;56562.092
245.46;56600.436
245.58;56638.803
245.70;56668.217
245.82;56693.742
245.94;56719.286
246.06;56744.813
246.18;56770.368
246.30;56795.919
246.42;56821.474
246.54;56847.055
246.66;56872.615
246.78;56898.187
246.90;56923.770
247.02;56949.362
247.14;56974.948
247.26;57000.554
247.38;57026.152
247.50;57051.193
247.62;57063.961
247.74;57076.735
247.86;57089.524
247.98;57102.306
248.10;57115.082
248.22;57127.868
248.34;57140.664
248.46;57153.444
248.58;57166.243
248.70;57179.048
248.82;57191.825
248.94;57204.628
249.06;57217.422
249.18;57230.227
249.30;57243.012
249.42;57251.293
249.54;57251.293
249.66;57251.292
249.78;57251.294
249.90;57251.294
250.02;57251.292
250.14;57251.293
250.26;57251.293
250.38;57251.293
250.50;57251.293
250.62;57251.292
250.74;57251.294
250.86;57251.294
250.98;57251.292
251.10;57251.293
251.22;57251.293
251.34;57243.012
251.46;57230.227
251.58;57217.422
251.70;57204.628
251.82;57191.825
251.94;57179.049
252.06;57166.243
252.18;57153.444
252.30;57140.664
252.42;57127.868
252.54;57115.083
252.66;57102.306
252.78;57089.524
252.90;57076.735
253.02;57063.961
253.14;57051.193
253.26;57026.152
253.38;57000.554
253.50;56974.949
253.62;56949.363
253.74;56923.770
253.86;56898.187
253.98;56872.615
254.10;56847.055
254.22;56821.474
254.34;56795.920
254.46;56770.368
254.58;56744.813
254.70;56719.286
254.82;56693.742
254.94;56668.217
255.06;56638.803
255.18;56600.436
255.30;56562.093
255.42;56523.760
255.54;56485.446
255.66;56447.130
255.78;56408.843
255.90;56370.565
256.02;56332.281
256.14;56294.033
256.26;56255.800
256.38;56217.566
256.50;56179.347
256.62;56141.136
256.74;56102.956
256.86;56064.774
256.98;56017.308
257.10;55966.217
257.22;55915.162
257.34;55864.126
257.46;55813.108
257.58;55762.121
257.70;55711.150
257.82;55660.208
257.94;55609.285
258.06;55558.390
258.18;55507.505
258.30;55456.677
258.42;55405.839
258.54;55355.024
258.66;55304.257
258.78;55250.467
258.90;55186.707
259.02;55122.986
259.14;55059.304
259.26;54995.653
259.38;54932.048
259.50;54868.474
259.62;54804.936
259.74;54741.442
259.86;54677.974
259.98;54614.550
260.10;54551.155
260.22;54487.803
260.34;54424.492
260.46;54361.212
260.58;54297.970
260.70;54223.358
260.82;54147.084
260.94;54070.842
261.06;53994.673
261.18;53918.549
261.30;53842.485
261.42;53766.482
261.54;53690.517
261.66;53614.607
261.78;53538.753
261.90;53462.956
262.02;53387.222
262.14;53311.531
262.26;53235.899
262.38;53160.306
262.50;53076.059
262.62;52987.319
262.74;52898.640
262.86;52810.038
262.98;52721.509
263.10;52633.066
263.22;52544.678
263.34;52456.379
263.46;52368.150
263.58;52279.992
263.70;52191.930
263.82;52103.914
263.94;52015.977
264.06;51928.128
264.18;51840.344
264.30;51744.303
264.42;51643.240
264.54;51542.281
264.66;51441.407
264.78;51340.636
264.90;51239.967
265.02;51139.406
265.14;51038.936
265.26;50938.551
265.38;50838.280
265.50;50738.112
265.62;50638.035
265.74;50538.054
265.86;50438.169
265.98;50338.398
266.10;50227.997
266.22;50114.812
266.34;50001.746
266.46;49888.815
266.58;49776.002
266.70;49663.319
266.82;49550.766
266.94;49438.350
267.06;49326.044
267.18;49213.879
267.30;49101.837
267.42;48989.933
267.54;48878.143
267.66;48766.479
267.78;48652.433
267.90;48527.163
268.02;48402.060
268.14;48277.113
268.26;48152.320
268.38;48027.701
268.50;47903.238
268.62;47778.945
268.74;47654.807
268.86;47530.825
268.98;47407.013
269.10;47283.356
269.22;47159.866
269.34;47036.540
269.46;46913.373
269.58;46778.588
269.70;46641.644
269.82;46504.899
269.94;46368.370
270.06;46232.025
270.18;46095.889
270.30;45959.956
270.42;45824.212
270.54;45688.679
270.66;45553.341
270.78;45418.211
270.90;45283.280
271.02;45148.542
271.14;45014.008
271.26;44868.655
271.38;44720.141
271.50;44571.878
271.62;44423.873
271.74;44276.108
271.86;44128.578
271.98;43981.295
272.10;43834.258
272.22;43687.479
272.34;43540.938
272.46;43394.634
272.58;43248.598
272.70;43102.793
272.82;42957.241
272.94;42797.169
273.06;42637.402
273.18;42477.934
273.30;42318.754
273.42;42159.878
273.54;42001.305
273.66;41843.020
273.78;41685.045
273.90;41527.363
274.02;41369.988
274.14;41212.910
274.26;41056.124
274.38;40899.631
274.50;40734.894
274.62;40563.931
274.74;40393.311
274.86;40223.058
274.98;40053.153
275.10;39883.618
275.22;39714.449
275.34;39545.633
275.46;39377.179
275.58;39209.068
275.70;39041.344
275.82;38873.958
275.94;38706.936
276.06;38532.764
276.18;38350.933
276.30;38169.534
276.42;37988.554
276.54;37808.011
276.66;37627.909
276.78;37448.218
276.90;37268.974
277.02;37090.158
277.14;36911.762
277.26;36733.794
277.38;36556.266
277.50;36379.168
277.62;36190.036
277.74;35997.835
277.86;35806.131
277.98;35614.942
278.10;35424.263
278.22;35234.092
278.34;35044.444
278.46;34855.303
278.58;34666.665
278.70;34478.552
278.82;34290.944
278.94;34103.844
279.06;33909.539
279.18;33706.973
279.30;33505.010
279.42;33303.660
279.54;33102.920
279.66;32902.776
279.78;32703.240
279.90;32504.323
280.02;32306.000
280.14;32108.298
280.26;31911.189
280.38;31714.690
280.50;31508.879
280.62;31296.464
280.74;31084.779
280.86;30873.810
280.98;30663.558
281.10;30454.024
281.22;30245.207
281.34;30037.110
281.46;29829.725
281.58;29623.064
281.70;29417.122
281.82;29209.628
281.94;28987.288
282.06;28765.804
282.18;28545.151
282.30;28325.365
282.42;28106.418
282.54;27888.330
282.66;27671.081
282.78;27454.687
282.90;27239.133
283.02;27024.444
283.14;26808.024
283.26;26576.422
283.38;26345.827
283.50;26116.239
283.62;25887.653
283.74;25660.066
283.86;25433.486
283.98;25207.910
284.10;24983.348
284.22;24759.780
284.34;24537.219
284.46;24303.413
284.58;24063.485
284.70;23824.751
284.82;23587.206
284.94;23350.850
285.06;23115.681
285.18;22881.706
285.30;22648.917
285.42;22417.317
285.54;22186.920
285.66;21945.056
285.78;21696.641
285.90;21449.639
286.02;21204.053
286.14;20959.885
286.26;20717.130
286.38;20475.783
286.50;20235.852
286.62;19997.342
286.74;19757.643
286.86;19500.352
286.98;19244.749
287.10;18990.827
287.22;18738.597
287.34;18488.042
287.46;18239.185
287.58;17992.010
287.70;17746.518
287.82;17499.135
287.94;17234.074
288.06;16971.039
288.18;16710.021
288.30;16451.032
288.42;16194.064
288.54;15939.117
288.66;15686.191
288.78;15435.293
288.90;15168.272
289.02;14897.244
289.14;14628.658
289.26;14362.514
289.38;14098.817
289.50;13837.559
289.62;13578.738
289.74;13322.372
289.86;13045.071
289.98;12767.681
290.10;12493.276
290.22;12221.848
290.34;11953.399
290.46;11687.936
290.58;11425.449
290.70;11148.547
290.82;10863.979
290.94;10583.095
291.06;10305.893
291.18;10032.361
291.30;9762.512
291.42;9496.338
291.54;9205.213
291.66;8916.202
291.78;8631.798
291.90;8352.004
292.02;8076.817
292.14;7806.247
292.26;7511.627
292.38;7217.097
292.50;6928.456
292.62;6645.706
292.74;6368.851
292.86;6083.966
292.98;5781.403
293.10;5486.550
293.22;5199.420
293.34;4920.006
293.46;4626.169
293.58;4320.473
293.70;4025.230
293.82;3740.432
293.94;3451.660
294.06;3139.348
294.18;2841.842
294.30;2559.142
294.42;2249.886
294.54;1943.705
294.66;1659.911
294.78;1344.109
294.90;1045.846
295.02;740.738
295.14;447.077
295.26;138.149
295.38;0.000
295.50;0.000
295.62;0.000
295.74;0.000
295.86;0.000
295.98;0.000
296.10;0.000
296.22;0.000
296.34;0.000
296.46;0.000
296.58;0.000
296.70;0.000
296.82;0.000
296.94;0.000
297.06;0.000
297.18;0.000
297.30;0.000
297.42;0.000
297.54;0.000
297.66;0.000
297.78;0.000
297.90;0.000
298.02;0.000
298.14;0.000
298.26;0.000
298.38;0.000
298.50;0.000
298.62;0.000
298.74;0.000
298.86;0.000
298.98;0.000
299.10;0.000
299.22;0.000
299.34;0.000
299.46;0.000
299.58;0.000
299.70;0.000
299.82;0.000
299.94;0.000
300.06;0.000
300.18;0.000
300.30;0.000
300.42;0.000
300.54;0.000
300.66;0.000
300.78;0.000
300.90;0.000
301.02;0.000
301.14;0.000
301.26;0.000
301.38;0.000
301.50;0.000
301.62;0.000
301.74;0.000
301.86;0.000
301.98;0.000
302.10;0.000
302.22;0.000
302.34;0.000
302.46;0.000
302.58;0.000
302.70;0.000
302.82;0.000
302.94;0.000
303.06;0.000
303.18;0.000
303.30;0.000
303.42;0.000
303.54;0.000
303.66;0.000
303.78;0.000
303.90;0.000
304.02;0.000
304.14;0.000
304.26;0.000
304.38;0.000
304.50;0.000
304.62;0.000
304.74;0.000
304.86;0.000
304.98;0.000
305.10;138.149
305.22;447.077
305.34;740.738
305.46;1045.846
305.58;1344.109
305.70;1659.911
305.82;1943.705
305.94;2249.886
306.06;2559.142
306.18;2841.842
306.30;3139.348
306.42;3451.660
306.54;3740.432
306.66;4025.230
306.78;4320.473
306.90;4626.169
307.02;4920.006
307.14;5199.420
307.26;5486.550
307.38;5781.402
307.50;6083.966
307.62;6368.851
307.74;6645.706
307.86;6928.456
307.98;7217.097
308.10;7511.627
308.22;7806.247
308.34;8076.817
308.46;8352.004
308.58;8631.798
308.70;8916.202
308.82;9205.214
308.94;9496.338
309.06;9762.512
309.18;10032.361
309.30;10305.893
309.42;10583.095
309.54;10863.979
309.66;11148.547
309.78;11425.449
309.90;11687.936
310.02;11953.399
310.14;12221.848
310.26;12493.276
310.38;12767.681
310.50;13045.071
310.62;13322.373
310.74;13578.738
310.86;13837.559
310.98;14098.817
311.10;14362.514
311.22;14628.657
311.34;14897.244
311.46;15168.272
311.58;15435.293
311.70;15686.191
311.82;15939.117
311.94;16194.064
312.06;16451.032
312.18;16710.021
312.30;16971.039
312.42;17234.075
312.54;17499.135
312.66;17746.518
312.78;17992.010
312.90;18239.185
313.02;18488.042
313.14;18738.597
313.26;18990.827
313.38;19244.749
313.50;19500.352
313.62;19757.643
313.74;19997.342
313.86;20235.852
313.98;20475.783
314.10;20717.130
314.22;20959.885
314.34;21204.053
314.46;21449.639
314.58;21696.641
314.70;21945.056
314.82;22186.920
314.94;22417.317
315.06;22648.917
315.18;22881.707
315.30;23115.681
315.42;23350.850
315.54;23587.206
315.66;23824.751
315.78;24063.484
315.90;24303.413
316.02;24537.219
316.14;24759.780
316.26;24983.348
316.38;25207.910
316.50;25433.486
316.62;25660.066
316.74;25887.653
316.86;26116.239
316.98;26345.826
317.10;26576.422
317.22;26808.024
317.34;27024.444
317.46;27239.133
317.58;27454.687
317.70;27671.081
317.82;27888.330
317.94;28106.418
318.06;28325.365
318.18;28545.151
318.30;28765.804
318.42;28987.288
318.54;29209.628
318.66;29417.122
318.78;29623.064
318.90;29829.725
319.02;30037.111
319.14;30245.207
319.26;30454.024
319.38;30663.558
319.50;30873.810
319.62;31084.780
319.74;31296.464
319.86;31508.879
319.98;31714.690
320.10;31911.189
320.22;32108.298
320.34;32305.999
320.46;32504.323
320.58;32703.240
320.70;32902.776
320.82;33102.920
320.94;33303.660
321.06;33505.010
321.18;33706.973
321.30;33909.539
321.42;34103.844
321.54;34290.944
321.66;34478.552
321.78;34666.665
321.90;34855.303
322.02;35044.444
322.14;35234.092
322.26;35424.263
322.38;35614.942
322.50;35806.130
322.62;35997.835
322.74;36190.036
322.86;36379.168
322.98;36556.266
323.10;36733.794
323.22;36911.762
323.34;37090.158
323.46;37268.974
323.58;37448.218
323.70;37627.909
323.82;37808.011
323.94;37988.554
324.06;38169.534
324.18;38350.933
324.30;38532.764
324.42;38706.936
324.54;38873.958
324.66;39041.344
324.78;39209.068
324.90;39377.179
325.02;39545.633
325.14;39714.449
325.26;39883.618
325.38;40053.153
325.50;40223.058
325.62;40393.311
325.74;40563.931
325.86;40734.894
325.98;40899.627
326.10;41056.103
326.22;41212.879
326.34;41369.953
326.46;41527.321
326.58;41684.991
326.70;41842.959
326.82;42001.227
326.94;42159.791
327.06;42318.661
327.18;42477.823
327.30;42637.279
327.42;42797.055
327.54;42957.099
327.66;43102.691
327.78;43248.491
327.90;43394.558
328.02;43540.861
328.14;43687.400
328.26;43834.205
328.38;43981.237
328.50;44128.519
328.62;44276.054
328.74;44423.838
328.86;44571.854
328.98;44720.126
329.10;44868.649
329.22;45014.008
329.34;45148.542
329.46;45283.280
329.58;45418.211
329.70;45553.341
329.82;45688.679
329.94;45824.211
330.06;45959.956
330.18;46095.889
330.30;46232.025
330.42;46368.369
330.54;46504.899
330.66;46641.644
330.78;46778.588
330.90;46913.373
331.02;47036.540
331.14;47159.867
331.26;47283.356
331.38;47407.013
331.50;47530.826
331.62;47654.807
331.74;47778.945
331.86;47903.238
331.98;48027.701
332.10;48152.320
332.22;48277.113
332.34;48402.060
332.46;48527.163
332.58;48652.433
332.70;48766.479
332.82;48878.143
332.94;48989.933
333.06;49101.837
333.18;49213.879
333.30;49326.044
333.42;49438.350
333.54;49550.766
333.66;49663.319
333.78;49776.002
333.90;49888.815
334.02;50001.746
334.14;50114.812
334.26;50227.997
334.38;50338.398
334.50;50438.168
334.62;50538.054
334.74;50638.035
334.86;50738.112
334.98;50838.281
335.10;50938.551
335.22;51038.936
335.34;51139.406
335.46;51239.967
335.58;51340.636
335.70;51441.407
335.82;51542.281
335.94;51643.240
336.06;51744.303
336.18;51840.344
336.30;51928.128
336.42;52015.977
336.54;52103.914
336.66;52191.930
336.78;52279.992
336.90;52368.150
337.02;52456.379
337.14;52544.678
337.26;52633.066
337.38;52721.509
337.50;52810.038
337.62;52898.640
337.74;52987.319
337.86;53076.059
337.98;53160.306
338.10;53235.899
338.22;53311.531
338.34;53387.222
338.46;53462.956
338.58;53538.753
338.70;53614.607
338.82;53690.516
338.94;53766.482
339.06;53842.484
339.18;53918.549
339.30;53994.673
339.42;54070.842
339.54;54147.084
339.66;54223.358
339.78;54297.970
339.90;54361.212
340.02;54424.492
340.14;54487.803
340.26;54551.155
340.38;54614.550
340.50;54677.974
340.62;54741.442
340.74;54804.936
340.86;54868.474
340.98;54932.048
341.10;54995.653
341.22;55059.304
341.34;55122.986
341.46;55186.707
341.58;55250.467
341.70;55304.257
341.82;55355.024
341.94;55405.839
342.06;55456.677
342.18;55507.505
342.30;55558.390
342.42;55609.285
342.54;55660.208
342.66;55711.151
342.78;55762.121
342.90;55813.108
343.02;55864.126
343.14;55915.162
343.26;55966.217
343.38;56017.308
343.50;56064.774
343.62;56102.956
343.74;56141.136
343.86;56179.346
343.98;56217.566
344.10;56255.799
344.22;56294.033
344.34;56332.280
344.46;56370.566
344.58;56408.843
344.70;56447.130
344.82;56485.446
344.94;56523.760
345.06;56562.092
345.18;56600.436
345.30;56638.803
345.42;56668.217
345.54;56693.742
345.66;56719.286
345.78;56744.813
345.90;56770.368
346.02;56795.919
346.14;56821.474
346.26;56847.055
346.38;56872.615
346.50;56898.187
346.62;56923.770
346.74;56949.362
346.86;56974.948
346.98;57000.554
347.10;57026.152
347.22;57051.193
347.34;57063.961
347.46;57076.735
347.58;57089.524
347.70;57102.306
347.82;57115.082
347.94;57127.868
348.06;57140.664
348.18;57153.444
348.30;57166.243
348.42;57179.048
348.54;57191.825
348.66;57204.628
348.78;57217.422
348.90;57230.227
349.02;57243.012
349.14;57251.293
349.26;57251.293
349.38;57251.292
349.50;57251.294
349.62;57251.294
349.74;57251.292
349.86;57251.293
349.98;57251.293
350.10;57251.293
350.22;57251.293
350.34;57251.292
350.46;57251.294
350.58;57251.294
350.70;57251.292
350.82;57251.293
350.94;57251.293
351.06;57243.012
351.18;57230.227
351.30;57217.422
351.42;57204.628
351.54;57191.825
351.66;57179.049
351.78;57166.243
351.90;57153.444
352.02;57140.664
352.14;57127.868
352.26;57115.083
352.38;57102.306
352.50;57089.524
352.62;57076.735
352.74;57063.961
352.86;57051.193
352.98;57026.152
353.10;57000.554
353.22;56974.949
353.34;56949.363
353.46;56923.770
353.58;56898.187
353.70;56872.615
353.82;56847.055
353.94;56821.474
354.06;56795.920
354.18;56770.368
354.30;56744.813
354.42;56719.286
354.54;56693.742
354.66;56668.217
354.78;56638.803
354.90;56600.436
355.02;56562.093
355.14;56523.760
355.26;56485.446
355.38;56447.130
355.50;56408.843
355.62;56370.565
355.74;56332.281
355.86;56294.033
355.98;56255.800
356.10;56217.566
356.22;56179.347
356.34;56141.136
356.46;56102.956
356.58;56064.774
356.70;56017.308
356.82;55966.217
356.94;55915.162
357.06;55864.126
357.18;55813.108
357.30;55762.121
357.42;55711.150
357.54;55660.208
357.66;55609.285
357.78;55558.390
357.90;55507.505
358.02;55456.677
358.14;55405.839
358.26;55355.024
358.38;55304.257
358.50;55250.467
358.62;55186.707
358.74;55122.986
358.86;55059.304
358.98;54995.653
359.10;54932.048
359.22;54868.474
359.34;54804.936
359.46;54741.442
359.58;54677.974
359.70;54614.550
359.82;54551.155
359.94;54487.803
360.06;54424.492
360.18;54361.212
360.30;54297.970
360.42;54223.358
360.54;54147.084
360.66;54070.842
360.78;53994.673
360.90;53918.549
361.02;53842.485
361.14;53766.482
361.26;53690.517
361.38;53614.607
361.50;53538.753
361.62;53462.956
361.74;53387.222
361.86;53311.531
361.98;53235.899
362.10;53160.306
362.22;53076.059
362.34;52987.319
362.46;52898.640
362.58;52810.038
362.70;52721.509
362.82;52633.066
362.94;52544.678
363.06;52456.379
363.18;52368.150
363.30;52279.992
363.42;52191.930
363.54;52103.914
363.66;52015.977
363.78;51928.128
363.90;51840.344
364.02;51744.303
364.14;51643.240
364.26;51542.281
364.38;51441.407
364.50;51340.636
364.62;51239.967
364.74;51139.406
364.86;51038.936
364.98;50938.551
365.10;50838.280
365.22;50738.112
365.34;50638.035
365.46;50538.054
365.58;50438.169
365.70;50338.398
365.82;50227.997
365.94;50114.812
366.06;50001.746
366.18;49888.815
366.30;49776.002
366.42;49663.319
366.54;49550.766
366.66;49438.350
366.78;49326.044
366.90;49213.879
367.02;49101.837
367.14;48989.933
367.26;48878.143
367.38;48766.479
367.50;48652.433
367.62;48527.163
367.74;48402.060
367.86;48277.113
367.98;48152.320
368.10;48027.701
368.22;47903.238
368.34;47778.945
368.46;47654.807
368.58;47530.825
368.70;47407.013
368.82;47283.356
368.94;47159.866
369.06;47036.540
369.18;46913.373
369.30;46778.588
369.42;46641.644
369.54;46504.899
369.66;46368.370
369.78;46232.025
369.90;46095.889
370.02;45959.956
370.14;45824.212
370.26;45688.679
370.38;45553.341
370.50;45418.211
370.62;45283.280
370.74;45148.542
370.86;45014.008
370.98;44868.655
371.10;44720.141
371.22;44571.878
371.34;44423.873
371.46;44276.108
371.58;44128.578
371.70;43981.295
371.82;43834.258
371.94;43687.479
372.06;43540.938
372.18;43394.634
372.30;43248.598
372.42;43102.793
372.54;42957.241
372.66;42797.169
372.78;42637.402
372.90;42477.934
373.02;42318.754
373.14;42159.878
373.26;42001.305
373.38;41843.020
373.50;41685.045
373.62;41527.363
373.74;41369.988
373.86;41212.910
373.98;41056.124
374.10;40899.631
374.22;40734.894
374.34;40563.931
374.46;40393.311
374.58;40223.058
374.70;40053.153
374.82;39883.618
374.94;39714.449
375.06;39545.633
375.18;39377.179
375.30;39209.068
375.42;39041.344
375.54;38873.958
375.66;38706.936
375.78;38532.764
375.90;38350.933
376.02;38169.534
376.14;37988.554
376.26;37808.011
376.38;37627.909
376.50;37448.218
376.62;37268.974
376.74;37090.158
376.86;36911.762
376.98;36733.794
377.10;36556.266
377.22;36379.168
377.34;36190.036
377.46;35997.835
377.58;35806.131
377.70;35614.942
377.82;35424.263
377.94;35234.092
378.06;35044.444
378.18;34855.303
378.30;34666.665
378.42;34478.552
378.54;34290.944
378.66;34103.844
378.78;33909.539
378.90;33706.973
379.02;33505.010
379.14;33303.660
379.26;33102.920
379.38;32902.776
379.50;32703.240
379.62;32504.323
379.74;32306.000
379.86;32108.298
379.98;31911.189
380.10;31714.690
380.22;31508.879
380.34;31296.464
380.46;31084.779
380.58;30873.810
380.70;30663.558
380.82;30454.024
380.94;30245.207
381.06;30037.110
381.18;29829.725
381.30;29623.064
381.42;29417.122
381.54;29209.628
381.66;28987.288
381.78;28765.804
381.90;28545.151
382.02;28325.365
382.14;28106.418
382.26;27888.330
382.38;27671.081
382.50;27454.687
382.62;27239.133
382.74;27024.444
382.86;26808.024
382.98;26576.422
383.10;26345.827
383.22;26116.239
383.34;25887.653
383.46;25660.066
383.58;25433.486
383.70;25207.910
383.82;24983.348
383.94;24759.780
384.06;24537.219
384.18;24303.413
384.30;24063.485
384.42;23824.751
384.54;23587.206
384.66;23350.850
384.78;23115.681
384.90;22881.706
385.02;22648.917
385.14;22417.317
385.26;22186.920
385.38;21945.056
385.50;21696.641
385.62;21449.639
385.74;21204.053
385.86;20959.885
385.98;20717.130
386.10;20475.783
386.22;20235.852
386.34;19997.342
386.46;19757.643
386.58;19500.352
386.70;19244.749
386.82;18990.827
386.94;18738.597
387.06;18488.042
387.18;18239.185
387.30;17992.010
387.42;17746.518
387.54;17499.135
387.66;17234.074
387.78;16971.039
387.90;16710.021
388.02;16451.032
388.14;16194.064
388.26;15939.117
388.38;15686.191
388.50;15435.293
388.62;15168.272
388.74;14897.244
388.86;14628.658
388.98;14362.514
389.10;14098.817
389.22;13837.559
389.34;13578.738
389.46;13322.372
389.58;13045.071
389.70;12767.681
389.82;12493.276
389.94;12221.848
390.06;11953.399
390.18;11687.936
390.30;11425.449
390.42;11148.547
390.54;10863.979
390.66;10583.095
390.78;10305.893
390.90;10032.361
391.02;9762.512
391.14;9496.338
391.26;9205.213
391.38;8916.202
391.50;8631.798
391.62;8352.004
391.74;8076.817
391.86;7806.247
391.98;7511.627
392.10;7217.097
392.22;6928.456
392.34;6645.706
392.46;6368.851
392.58;6083.966
392.70;5781.403
392.82;5486.550
392.94;5199.420
393.06;4920.006
393.18;4626.169
393.30;4320.473
393.42;4025.230
393.54;3740.432
393.66;3451.660
393.78;3139.348
393.90;2841.842
394.02;2559.142
394.14;2249.886
394.26;1943.705
394.38;1659.911
394.50;1344.109
394.62;1045.846
394.74;740.738
394.86;447.077
394.98;138.149
395.10;0.000
395.22;0.000
395.34;0.000
395.46;0.000
395.58;0.000
395.70;0.000
395.82;0.000
395.94;0.000
396.06;0.000
396.18;0.000
396.30;0.000
396.42;0.000
396.54;0.000
396.66;0.000
396.78;0.000
396.90;0.000
397.02;0.000
397.14;0.000
397.26;0.000
397.38;0.000
397.50;0.000
397.62;0.000
397.74;0.000
397.86;0.000
397.98;0.000
398.10;0.000
398.22;0.000
398.34;0.000
398.46;0.000
398.58;0.000
398.70;0.000
398.82;0.000
398.94;0.000
399.06;0.000
399.18;0.000
399.30;0.000
399.42;0.000
399.54;0.000
399.66;0.000
399.78;0.000
399.90;0.000
400.02;0.000
400.14;0.000
400.26;0.000
400.38;0.000
400.50;0.000
400.62;0.000
400.74;0.000
400.86;0.000
400.98;0.000
401.10;0.000
401.22;0.000
401.34;0.000
401.46;0.000
401.58;0.000
401.70;0.000
401.82;0.000
401.94;0.000
402.06;0.000
402.18;0.000
402.30;0.000
402.42;0.000
402.54;0.000
402.66;0.000
402.78;0.000
402.90;0.000
403.02;0.000
403.14;0.000
403.26;0.000
403.38;0.000
403.50;0.000
403.62;0.000
403.74;0.000
403.86;0.000
403.98;0.000
404.10;0.000
404.22;0.000
404.34;0.000
404.46;0.000
404.58;0.000
404.70;0.000
404.82;138.149
404.94;447.077
405.06;740.738
405.18;1045.846
405.30;1344.109
405.42;1659.911
405.54;1943.705
405.66;2249.886
405.78;2559.142
405.90;2841.842
406.02;3139.348
406.14;3451.660
406.26;3740.432
406.38;4025.230
406.50;4320.473
406.62;4626.169
406.74;4920.006
406.86;5199.420
406.98;5486.550
407.10;5781.402
407.22;6083.966
407.34;6368.851
407.46;6645.706
407.58;6928.456
407.70;7217.097
407.82;7511.627
407.94;7806.247
408.06;8076.817
408.18;8352.004
408.30;8631.798
408.42;8916.202
408.54;9205.214
408.66;9496.338
408.78;9762.512
408.90;10032.361
409.02;10305.893
409.14;10583.095
409.26;10863.979
409.38;11148.547
409.50;11425.449
409.62;11687.936
409.74;11953.399
409.86;12221.848
409.98;12493.276
410.10;12767.681
410.22;13045.071
410.34;13322.373
410.46;13578.738
410.58;13837.559
410.70;14098.817
410.82;14362.514
410.94;14628.657
411.06;14897.244
411.18;15168.272
411.30;15435.293
411.42;15686.191
411.54;15939.117
411.66;16194.064
411.78;16451.032
411.90;16710.021
412.02;16971.039
412.14;17234.075
412.26;17499.135
412.38;17746.518
412.50;17992.010
412.62;18239.185
412.74;18488.042
412.86;18738.597
412.98;18990.827
413.10;19244.749
413.22;19500.352
413.34;19757.643
413.46;19997.342
413.58;20235.852
413.70;20475.783
413.82;20717.130
413.94;20959.885
414.06;21204.053
414.18;21449.639
414.30;21696.641
414.42;21945.056
414.54;22186.920
414.66;22417.317
414.78;22648.917
414.90;22881.707
415.02;23115.681
415.14;23350.850
415.26;23587.206
415.38;23824.751
415.50;24063.484
415.62;24303.413
415.74;24537.219
415.86;24759.780
415.98;24983.348
416.10;25207.910
416.22;25433.486
416.34;25660.066
416.46;25887.653
416.58;26116.239
416.70;26345.826
416.82;26576.422
416.94;26808.024
417.06;27024.444
417.18;27239.133
417.30;27454.687
417.42;27671.081
417.54;27888.330
417.66;28106.418
417.78;28325.365
417.90;28545.151
418.02;28765.804
418.14;28987.288
418.26;29209.628
418.38;29417.122
418.50;29623.064
418.62;29829.725
418.74;30037.111
418.86;30245.207
418.98;30454.024
419.10;30663.558
419.22;30873.810
419.34;31084.780
419.46;31296.464
419.58;31508.879
419.70;31714.690
419.82;31911.189
419.94;32108.298
420.06;32305.999
420.18;32504.323
420.30;32703.240
420.42;32902.776
420.54;33102.920
420.66;33303.660
420.78;33505.010
420.90;33706.973
421.02;33909.539
421.14;34103.844
421.26;34290.944
421.38;34478.552
421.50;34666.665
421.62;34855.303
421.74;35044.444
421.86;35234.092
421.98;35424.263
422.10;35614.942
422.22;35806.130
422.34;35997.835
422.46;36190.036
422.58;36379.168
422.70;36556.266
422.82;36733.794
422.94;36911.762
423.06;37090.158
423.18;37268.974
423.30;37448.218
423.42;37627.909
423.54;37808.011
423.66;37988.554
423.78;38169.534
423.90;38350.933
424.02;38532.764
424.14;38706.936
424.26;38873.958
424.38;39041.344
424.50;39209.068
424.62;39377.179
424.74;39545.633
424.86;39714.449
424.98;39883.618
425.10;40053.153
425.22;40223.058
425.34;40393.311
425.46;40563.931
425.58;40734.894
425.70;40899.627
425.82;41056.103
425.94;41212.879
426.06;41369.953
426.18;41527.321
426.30;41684.991
426.42;41842.959
426.54;42001.227
426.66;42159.791
426.78;42318.661
426.90;42477.823
427.02;42637.279
427.14;42797.055
427.26;42957.099
427.38;43102.691
427.50;43248.491
427.62;43394.558
427.74;43540.861
427.86;43687.400
427.98;43834.205
428.10;43981.237
428.22;44128.519
428.34;44276.054
428.46;44423.838
428.58;44571.854
428.70;44720.126
428.82;44868.649
428.94;45014.008
429.06;45148.542
429.18;45283.280
429.30;45418.211
429.42;45553.341
429.54;45688.679
429.66;45824.211
429.78;45959.956
429.90;46095.889
430.02;46232.025
430.14;46368.369
430.26;46504.899
430.38;46641.644
430.50;46778.588
430.62;46913.373
430.74;47036.540
430.86;47159.867
430.98;47283.356
431.10;47407.013
431.22;47530.826
431.34;47654.807
431.46;47778.945
431.58;47903.238
431.70;48027.701
431.82;48152.320
431.94;48277.113
432.06;48402.060
432.18;48527.163
432.30;48652.433
432.42;48766.479
432.54;48878.143
432.66;48989.933
432.78;49101.837
432.90;49213.879
433.02;49326.044
433.14;49438.350
433.26;49550.766
433.38;49663.319
433.50;49776.002
433.62;49888.815
433.74;50001.746
433.86;50114.812
433.98;50227.997
434.10;50338.398
434.22;50438.168
434.34;50538.054
434.46;50638.035
434.58;50738.112
434.70;50838.281
434.82;50938.551
434.94;51038.936
435.06;51139.406
435.18;51239.967
435.30;51340.636
435.42;51441.407
435.54;51542.281
435.66;51643.240
435.78;51744.303
435.90;51840.344
436.02;51928.128
436.14;52015.977
436.26;52103.914
436.38;52191.930
436.50;52279.992
436.62;52368.150
436.74;52456.379
436.86;52544.678
436.98;52633.066
437.10;52721.509
437.22;52810.038
437.34;52898.640
437.46;52987.319
437.58;53076.059
437.70;53160.306
437.82;53235.899
437.94;53311.531
438.06;53387.222
438.18;53462.956
438.30;53538.753
438.42;53614.607
438.54;53690.516
438.66;53766.482
438.78;53842.484
438.90;53918.549
439.02;53994.673
439.14;54070.842
439.26;54147.084
439.38;54223.358
439.50;54297.970
439.62;54361.212
439.74;54424.492
439.86;54487.803
439.98;54551.155
440.10;54614.550
440.22;54677.974
440.34;54741.442
440.46;54804.936
440.58;54868.474
440.70;54932.048
440.82;54995.653
440.94;55059.304
441.06;55122.986
441.18;55186.707
441.30;55250.467
441.42;55304.257
441.54;55355.024
441.66;55405.839
441.78;55456.677
441.90;55507.505
442.02;55558.390
442.14;55609.285
442.26;55660.208
442.38;55711.151
442.50;55762.121
442.62;55813.108
442.74;55864.126
442.86;55915.162
442.98;55966.217
443.10;56017.308
443.22;56064.774
443.34;56102.956
443.46;56141.136
443.58;56179.346
443.70;56217.566
443.82;56255.799
443.94;56294.033
444.06;56332.280
444.18;56370.566
444.30;56408.843
444.42;56447.130
444.54;56485.446
444.66;56523.760
444.78;56562.092
444.90;56600.436
445.02;56638.803
445.14;56668.217
445.26;56693.742
445.38;56719.286
445.50;56744.813
445.62;56770.368
445.74;56795.919
445.86;56821.474
445.98;56847.055
446.10;56872.615
446.22;56898.187
446.34;56923.770
446.46;56949.362
446.58;56974.948
446.70;57000.554
446.82;57026.152
446.94;57051.193
447.06;57063.961
447.18;57076.735
447.30;57089.524
447.42;57102.306
447.54;57115.082
447.66;57127.868
447.78;57140.664
447.90;57153.444
448.02;57166.243
448.14;57179.048
448.26;57191.825
448.38;57204.628
448.50;57217.422
448.62;57230.227
448.74;57243.012
448.86;57251.293
448.98;57251.293
449.10;57251.292
449.22;57251.294
449.34;57251.294
449.46;57251.292
449.58;57251.293
449.70;57251.293
449.82;57251.293
449.94;57251.293
450.06;57251.292
450.18;57251.294
450.30;57251.294
450.42;57251.292
450.54;57251.293
450.66;57251.293
450.78;57243.012
450.90;57230.227
451.02;57217.422
451.14;57204.628
451.26;57191.825
451.38;57179.049
451.50;57166.243
451.62;57153.444
451.74;57140.664
451.86;57127.868
451.98;57115.083
452.10;57102.306
452.22;57089.524
452.34;57076.735
452.46;57063.961
452.58;57051.193
452.70;57026.152
452.82;57000.554
452.94;56974.949
453.06;56949.363
453.18;56923.770
453.30;56898.187
453.42;56872.615
453.54;56847.055
453.66;56821.474
453.78;56795.920
453.90;56770.368
454.02;56744.813
454.14;56719.286
454.26;56693.742
454.38;56668.217
454.50;56638.803
454.62;56600.436
454.74;56562.093
454.86;56523.760
454.98;56485.446
455.10;56447.130
455.22;56408.843
455.34;56370.565
455.46;56332.281
455.58;56294.033
455.70;56255.800
455.82;56217.566
455.94;56179.347
456.06;56141.136
456.18;56102.956
456.30;56064.774
456.42;56017.308
456.54;55966.217
456.66;55915.162
456.78;55864.126
456.90;55813.108
457.02;55762.121
457.14;55711.150
457.26;55660.208
457.38;55609.285
457.50;55558.390
457.62;55507.505
457.74;55456.677
457.86;55405.839
457.98;55355.024
458.10;55304.257
458.22;55250.467
458.34;55186.707
458.46;55122.986
458.58;55059.304
458.70;54995.653
458.82;54932.048
458.94;54868.474
459.06;54804.936
459.18;54741.442
459.30;54677.974
459.42;54614.550
459.54;54551.155
459.66;54487.803
459.78;54424.492
459.90;54361.212
460.02;54297.970
460.14;54223.358
460.26;54147.084
460.38;54070.842
460.50;53994.673
460.62;53918.549
460.74;53842.485
460.86;53766.482
460.98;53690.517
461.10;53614.607
461.22;53538.753
461.34;53462.956
461.46;53387.222
461.58;53311.531
461.70;53235.899
461.82;53160.306
461.94;53076.059
462.06;52987.319
462.18;52898.640
462.30;52810.038
462.42;52721.509
462.54;52633.066
462.66;52544.678
462.78;52456.379
462.90;52368.150
463.02;52279.992
463.14;52191.930
463.26;52103.914
463.38;52015.977
463.50;51928.128
463.62;51840.344
463.74;51744.303
463.86;51643.240
463.98;51542.281
464.10;51441.407
464.22;51340.636
464.34;51239.967
464.46;51139.406
464.58;51038.936
464.70;50938.551
464.82;50838.280
464.94;50738.112
465.06;50638.035
465.18;50538.054
465.30;50438.169
465.42;50338.398
465.54;50227.997
465.66;50114.812
465.78;50001.746
465.90;49888.815
466.02;49776.002
466.14;49663.319
466.26;49550.766
466.38;49438.350
466.50;49326.044
466.62;49213.879
466.74;49101.837
466.86;48989.933
466.98;48878.143
467.10;48766.479
467.22;48652.433
467.34;48527.163
467.46;48402.060
467.58;48277.113
467.70;48152.320
467.82;48027.701
467.94;47903.238
468.06;47778.945
468.18;47654.807
468.30;47530.825
468.42;47407.013
468.54;47283.356
468.66;47159.866
468.78;47036.540
468.90;46913.373
469.02;46778.588
469.14;46641.644
469.26;46504.899
469.38;46368.370
469.50;46232.025
469.62;46095.889
469.74;45959.956
469.86;45824.212
469.98;45688.679
470.10;45553.341
470.22;45418.211
470.34;45283.280
470.46;45148.542
470.58;45014.008
470.70;44868.655
470.82;44720.141
470.94;44571.878
471.06;44423.873
471.18;44276.108
471.30;44128.578
471.42;43981.295
471.54;43834.258
471.66;43687.479
471.78;43540.938
471.90;43394.634
472.02;43248.598
472.14;43102.793
472.26;42957.241
472.38;42797.169
472.50;42637.402
472.62;42477.934
472.74;42318.754
472.86;42159.878
472.98;42001.305
473.10;41843.020
473.22;41685.045
473.34;41527.363
473.46;41369.988
473.58;41212.910
473.70;41056.124
473.82;40899.631
473.94;40734.894
474.06;40563.931
474.18;40393.311
474.30;40223.058
474.42;40053.153
474.54;39883.618
474.66;39714.449
474.78;39545.633
474.90;39377.179
475.02;39209.068
475.14;39041.344
475.26;38873.958
475.38;38706.936
475.50;38532.764
475.62;38350.933
475.74;38169.534
475.86;37988.554
475.98;37808.011
476.10;37627.909
476.22;37448.218
476.34;37268.974
476.46;37090.158
476.58;36911.762
476.70;36733.794
476.82;36556.266
476.94;36379.168
477.06;36190.036
477.18;35997.835
477.30;35806.131
477.42;35614.942
477.54;35424.263
477.66;35234.092
477.78;35044.444
477.90;34855.303
478.02;34666.665
478.14;34478.552
478.26;34290.944
478.38;34103.844
478.50;33909.539
478.62;33706.973
478.74;33505.010
478.86;33303.660
478.98;33102.920
479.10;32902.776
479.22;32703.240
479.34;32504.323
479.46;32306.000
479.58;32108.298
479.70;31911.189
479.82;31714.690
479.94;31508.879
480.06;31296.464
480.18;31084.779
480.30;30873.810
480.42;30663.558
480.54;30454.024
480.66;30245.207
480.78;30037.110
480.90;29829.725
481.02;29623.064
481.14;29417.122
481.26;29209.628
481.38;28987.288
481.50;28765.804
481.62;28545.151
481.74;28325.365
481.86;28106.418
481.98;27888.330
482.10;27671.081
482.22;27454.687
482.34;27239.133
482.46;27024.444
482.58;26808.024
482.70;26576.422
482.82;26345.827
482.94;26116.239
483.06;25887.653
483.18;25660.066
483.30;25433.486
483.42;25207.910
483.54;24983.348
483.66;24759.780
483.78;24537.219
483.90;24303.413
484.02;24063.485
484.14;23824.751
484.26;23587.206
484.38;23350.850
484.50;23115.681
484.62;22881.706
484.74;22648.917
484.86;22417.317
484.98;22186.920
485.10;21945.056
485.22;21696.641
485.34;21449.639
485.46;21204.053
485.58;20959.885
485.70;20717.130
485.82;20475.783
485.94;20235.852
486.06;19997.342
486.18;19757.643
486.30;19500.352
486.42;19244.749
486.54;18990.827
486.66;18738.597
486.78;18488.042
486.90;18239.185
487.02;17992.010
487.14;17746.518
487.26;17499.135
487.38;17234.074
487.50;16971.039
487.62;16710.021
487.74;16451.032
487.86;16194.064
487.98;15939.117
488.10;15686.191
488.22;15435.293
488.34;15168.272
488.46;14897.244
488.58;14628.658
488.70;14362.514
488.82;14098.817
488.94;13837.559
489.06;13578.738
489.18;13322.372
489.30;13045.071
489.42;12767.681
489.54;12493.276
489.66;12221.848
489.78;11953.399
489.90;11687.936
490.02;11425.449
490.14;11148.547
490.26;10863.979
490.38;10583.095
490.50;10305.893
490.62;10032.361
490.74;9762.512
490.86;9496.338
490.98;9205.213
491.10;8916.202
491.22;8631.798
491.34;8352.004
491.46;8076.817
491.58;7806.247
491.70;7511.627
491.82;7217.097
491.94;6928.456
492.06;6645.706
492.18;6368.851
492.30;6083.966
492.42;5781.403
492.54;5486.550
492.66;5199.420
492.78;4920.006
492.90;4626.169
493.02;4320.473
493.14;4025.230
493.26;3740.432
493.38;3451.660
493.50;3139.348
493.62;2841.842
493.74;2559.142
493.86;2249.886
493.98;1943.705
494.10;1659.911
494.22;1344.109
494.34;1045.846
494.46;740.738
494.58;447.077
494.70;138.149
494.82;0.000
