Height (mm);Total slice surface (mm√Ω)
0.060;0.000
0.180;0.000
0.300;0.000
0.420;0.000
0.540;0.000
0.660;0.000
0.780;0.000
0.900;0.000
1.020;0.000
1.140;0.000
1.260;0.000
1.380;0.000
1.500;0.000
1.620;0.000
1.740;0.000
1.860;0.000
1.980;0.000
2.100;0.000
2.220;0.000
2.340;0.000
2.460;0.000
2.580;0.000
2.700;0.000
2.820;0.000
2.940;0.000
3.060;0.000
3.180;0.000
3.300;0.000
3.420;0.000
3.540;0.000
3.660;0.000
3.780;0.000
3.900;0.000
4.020;0.000
4.140;0.000
4.260;0.000
4.380;0.000
4.500;0.000
4.620;0.000
4.740;0.000
4.860;0.000
4.980;0.000
5.100;0.000
5.220;0.000
5.340;0.000
5.460;0.000
5.580;0.000
5.700;0.000
5.820;0.000
5.940;0.000
6.060;0.000
6.180;0.000
6.300;0.000
6.420;0.000
6.540;0.000
6.660;0.000
6.780;0.000
6.900;0.000
7.020;0.000
7.140;0.000
7.260;0.000
7.380;0.000
7.500;0.000
7.620;0.000
7.740;0.000
7.860;0.000
7.980;0.000
8.100;0.000
8.220;0.000
8.340;0.000
8.460;0.000
8.580;0.000
8.700;0.000
8.820;0.000
8.940;0.000
9.060;0.000
9.180;0.000
9.300;0.000
9.420;0.000
9.540;0.000
9.660;0.000
9.780;0.000
9.900;0.000
10.020;0.000
10.140;0.000
10.260;0.000
10.380;0.000
10.500;0.000
10.620;0.000
10.740;0.000
10.860;0.000
10.980;0.000
11.100;0.000
11.220;0.000
11.340;0.000
11.460;0.000
11.580;0.000
11.700;0.000
11.820;0.000
11.940;0.000
12.060;0.000
12.180;0.000
12.300;0.000
12.420;0.000
12.540;0.000
12.660;0.000
12.780;0.000
12.900;0.000
13.020;0.000
13.140;0.000
13.260;0.000
13.380;0.000
13.500;0.000
13.620;0.000
13.740;0.000
13.860;0.000
13.980;0.000
14.100;0.000
14.220;0.000
14.340;0.000
14.460;0.000
14.580;0.000
14.700;0.000
14.820;0.000
14.940;0.000
15.060;0.000
15.180;0.000
15.300;0.000
15.420;0.000
15.540;17.863
15.660;100.286
15.780;185.159
15.900;271.744
16.020;311.853
16.140;317.561
16.260;322.273
16.380;684.984
16.500;709.538
16.620;728.183
16.740;743.881
16.860;757.512
16.980;769.845
17.100;781.250
17.220;791.752
17.340;801.740
17.460;810.978
17.580;819.844
17.700;828.296
17.820;836.246
17.940;844.011
18.060;851.364
18.180;858.439
18.300;865.365
18.420;871.941
18.540;878.321
18.660;884.552
18.780;890.593
18.900;896.339
19.020;902.469
19.140;909.265
19.260;916.224
19.380;1261.480
19.500;1268.881
19.620;1276.419
19.740;1283.979
19.860;1291.657
19.980;1299.481
20.100;1307.303
20.220;1315.123
20.340;1323.067
20.460;1331.049
20.580;1339.075
20.700;1347.080
20.820;1355.115
20.940;1363.234
21.060;1371.598
21.180;1380.495
21.300;1389.763
21.420;1399.357
21.540;1409.191
21.660;1419.205
21.780;1429.322
21.900;1439.606
22.020;1450.020
22.140;1460.595
22.260;1471.286
22.380;1481.965
22.500;1492.751
22.620;1503.656
22.740;1516.221
22.860;1540.581
22.980;1564.934
23.100;1589.359
23.220;1613.855
23.340;1639.148
23.460;1684.586
23.580;1737.232
23.700;1790.447
23.820;1844.201
23.940;1898.469
24.060;1953.219
24.180;2008.407
24.300;2063.954
24.420;2119.913
24.540;2176.264
24.660;2232.454
24.780;2286.000
24.900;2318.682
25.020;2350.917
25.140;2382.816
25.260;2414.433
25.380;2445.816
25.500;2476.981
25.620;2507.913
25.740;2538.620
25.860;2569.142
25.980;2598.446
26.100;2624.047
26.220;2647.510
26.340;2669.179
26.460;2688.182
26.580;2705.228
26.700;2722.335
26.820;2739.622
26.940;2755.258
27.060;2769.867
27.180;2783.509
27.300;2796.327
27.420;2808.334
27.540;2819.522
27.660;2830.133
27.780;2840.213
27.900;2849.781
28.020;2870.503
28.140;2894.111
28.260;2917.714
28.380;2941.256
28.500;2964.738
28.620;2988.137
28.740;3011.413
28.860;3034.609
28.980;3057.738
29.100;3080.801
29.220;3110.267
29.340;3154.331
29.460;3197.790
29.580;3240.789
29.700;3283.400
29.820;3325.633
29.940;3370.515
30.060;3422.749
30.180;3477.023
30.300;3532.704
30.420;3588.953
30.540;3646.089
30.660;3703.502
30.780;3754.580
30.900;3798.240
31.020;3842.070
31.140;3887.492
31.260;3920.280
31.380;3953.643
31.500;3987.649
31.620;4022.274
31.740;4057.521
31.860;4093.210
31.980;4128.740
32.100;4164.347
32.220;4200.002
32.340;4236.088
32.460;4272.872
32.580;4310.762
32.700;4349.847
32.820;4389.895
32.940;4431.121
33.060;4473.667
33.180;4516.178
33.300;4560.358
33.420;4606.432
33.540;4653.796
33.660;4701.491
33.780;4747.558
33.900;4791.381
34.020;4813.797
34.140;4834.064
34.260;4852.962
34.380;4870.786
34.500;4887.737
34.620;4903.948
34.740;4919.393
34.860;4934.192
34.980;4949.132
35.100;4965.105
35.220;4981.696
35.340;4998.723
35.460;5016.093
35.580;5033.774
35.700;5052.856
35.820;5073.105
35.940;5108.118
36.060;5148.016
36.180;5188.930
36.300;5226.428
36.420;5261.818
36.540;5301.421
36.660;5339.812
36.780;5375.466
36.900;5409.457
37.020;5442.953
37.140;5476.139
37.260;5509.325
37.380;5542.660
37.500;5578.785
37.620;5618.067
37.740;5659.692
37.860;5703.077
37.980;5749.362
38.100;5811.113
38.220;5897.534
38.340;5974.484
38.460;6038.792
38.580;6093.491
38.700;6134.444
38.820;6168.732
38.940;6207.604
39.060;6248.500
39.180;6305.848
39.300;6377.283
39.420;6438.655
39.540;6486.591
39.660;6536.699
39.780;6599.028
39.900;6665.442
40.020;6777.769
40.140;6873.039
40.260;6971.907
40.380;7762.708
40.500;7887.990
40.620;7992.746
40.740;8085.541
40.860;8176.821
40.980;8262.104
41.100;8337.491
41.220;8409.021
41.340;8494.056
41.460;8584.554
41.580;8674.084
41.700;8759.750
41.820;8843.041
41.940;8929.374
42.060;9018.314
42.180;9111.378
42.300;9203.401
42.420;9299.363
42.540;9403.857
42.660;9505.875
42.780;9602.032
42.900;9689.914
43.020;9767.162
43.140;9842.971
43.260;9926.818
43.380;10123.393
43.500;10208.237
43.620;10294.573
43.740;10381.275
43.860;10470.672
43.980;10597.681
44.100;10726.574
44.220;10845.650
44.340;10959.116
44.460;11068.281
44.580;11184.673
44.700;11294.822
44.820;11402.096
44.940;11500.463
45.060;11595.325
45.180;11688.122
45.300;11440.809
45.420;11527.872
45.540;11614.895
45.660;11702.795
45.780;11794.215
45.900;11863.861
46.020;11931.499
46.140;12014.388
46.260;12083.604
46.380;12165.810
46.500;12259.054
46.620;12354.570
46.740;12441.950
46.860;12517.724
46.980;12596.006
47.100;12678.137
47.220;12758.445
47.340;12845.081
47.460;12942.231
47.580;13051.737
47.700;13152.234
47.820;13249.277
47.940;13346.376
48.060;13417.080
48.180;13500.295
48.300;13570.488
48.420;14212.508
48.540;14282.087
48.660;14351.567
48.780;14417.564
48.900;14484.386
49.020;14549.767
49.140;14610.092
49.260;14663.810
49.380;14705.435
49.500;14738.982
49.620;14773.094
49.740;14809.854
49.860;14847.029
49.980;14871.101
50.100;14891.851
50.220;14914.497
50.340;15464.766
50.460;15531.686
50.580;15597.000
50.700;15661.889
50.820;15726.283
50.940;15787.705
51.060;15833.331
51.180;15870.792
51.300;15905.375
51.420;15937.103
51.540;15961.420
51.660;15976.369
51.780;15990.187
51.900;16003.912
52.020;16009.415
52.140;16007.387
52.260;15954.929
52.380;15933.553
52.500;15941.842
52.620;15955.794
52.740;15978.454
52.860;16001.619
52.980;16014.628
53.100;16027.634
53.220;16041.167
53.340;16055.424
53.460;16141.103
53.580;16250.606
53.700;16357.653
53.820;16459.409
53.940;16560.342
54.060;16631.019
54.180;16682.638
54.300;16735.108
54.420;16784.743
54.540;16832.885
54.660;16889.899
54.780;16959.247
54.900;17023.719
55.020;17104.195
55.140;17185.567
55.260;17245.719
55.380;17273.806
55.500;17296.204
55.620;17322.463
55.740;17438.425
55.860;17469.032
55.980;17505.218
56.100;17523.638
56.220;17507.801
56.340;17499.957
56.460;20458.755
56.580;20467.928
56.700;20468.914
56.820;20473.871
56.940;20478.987
57.060;20467.564
57.180;20447.669
57.300;20426.129
57.420;20412.034
57.540;20403.430
57.660;20406.481
57.780;20404.106
57.900;20420.681
58.020;20402.290
58.140;20368.029
58.260;20363.412
58.380;20291.418
58.500;20180.862
58.620;20070.891
58.740;19969.226
58.860;19849.858
58.980;19732.107
59.100;19615.338
59.220;19507.337
59.340;19387.700
59.460;19209.534
59.580;19000.861
59.700;18776.309
59.820;18546.338
59.940;18293.173
60.060;18076.570
60.180;17905.787
60.300;17706.068
60.420;17500.367
60.540;17300.624
60.660;17108.737
60.780;16960.259
60.900;16690.881
61.020;16553.002
61.140;16394.736
61.260;16218.109
61.380;10656.400
61.500;10477.449
61.620;10300.329
61.740;10124.861
61.860;9955.689
61.980;9791.307
62.100;9629.828
62.220;9483.654
62.340;9321.801
62.460;9140.480
62.580;8960.710
62.700;8783.464
62.820;8607.821
62.940;8432.791
63.060;8258.995
63.180;8087.123
63.300;7888.586
63.420;7718.964
63.540;7550.016
63.660;7381.313
63.780;7211.290
63.900;7033.556
64.020;6854.834
64.140;6714.647
64.260;6574.808
64.380;6455.962
64.500;6381.466
64.620;6305.607
64.740;6229.119
64.860;6152.291
64.980;6075.123
65.100;5998.329
65.220;5921.407
65.340;5844.338
65.460;5767.175
65.580;5689.911
65.700;5612.400
65.820;5534.418
65.940;5455.850
66.060;5375.079
66.180;5285.210
66.300;5215.410
66.420;5146.572
66.540;5078.716
66.660;5011.975
66.780;4946.708
66.900;4882.912
67.020;4821.062
67.140;4761.689
67.260;4713.620
67.380;4684.196
67.500;4654.287
67.620;4623.773
67.740;5398.690
67.860;5366.317
67.980;5331.821
68.100;5291.732
68.220;5247.486
68.340;5251.743
68.460;5228.351
68.580;5206.593
68.700;5186.092
68.820;5170.736
68.940;5157.956
69.060;5145.459
69.180;5134.018
69.300;5126.512
69.420;5121.138
69.540;5116.832
69.660;5112.970
69.780;5109.527
69.900;5107.092
70.020;5105.810
70.140;5105.568
70.260;5106.521
70.380;5105.235
70.500;5101.817
70.620;5089.339
70.740;5077.224
70.860;5065.256
70.980;5053.688
71.100;5042.476
71.220;5031.651
71.340;5021.486
71.460;5011.897
71.580;5003.137
71.700;4995.591
71.820;4989.523
71.940;4986.307
72.060;4989.126
72.180;5011.656
72.300;4996.449
72.420;4977.124
72.540;4958.030
72.660;4939.217
72.780;4919.870
72.900;4900.597
73.020;4881.430
73.140;4862.231
73.260;4842.946
73.380;4823.640
73.500;4804.461
73.620;4785.231
73.740;4766.251
73.860;4747.201
73.980;4728.435
74.100;4709.579
74.220;4691.120
74.340;4672.646
74.460;4654.606
74.580;4636.746
74.700;4619.294
74.820;4602.258
74.940;4585.780
75.060;4574.990
75.180;4570.645
75.300;4566.130
75.420;4561.604
75.540;4557.177
75.660;4552.933
75.780;4521.240
75.900;4518.406
76.020;4519.220
76.140;4536.667
76.260;4529.757
76.380;4504.793
76.500;4477.997
76.620;4450.059
76.740;4422.518
76.860;4394.926
76.980;4366.944
77.100;4338.595
77.220;4309.930
77.340;4280.971
77.460;4251.690
77.580;4222.084
77.700;4192.077
77.820;4869.595
77.940;4838.984
78.060;4297.491
78.180;4269.249
78.300;4239.527
78.420;4209.853
78.540;4180.457
78.660;4153.101
78.780;4128.304
78.900;4104.256
79.020;4080.891
79.140;4058.318
79.260;4036.573
79.380;4015.673
79.500;3995.654
79.620;3976.469
79.740;3958.220
79.860;3940.957
79.980;3924.387
80.100;3908.374
80.220;3892.936
80.340;3692.435
80.460;3657.474
80.580;3628.575
80.700;3602.690
80.820;2229.558
80.940;2203.723
81.060;2176.121
81.180;2150.149
81.300;2124.970
81.420;2100.783
81.540;2077.722
81.660;2055.396
81.780;2034.164
81.900;2008.020
82.020;1970.000
82.140;1931.972
82.260;1895.255
82.380;1859.854
82.500;3122.932
82.620;3091.470
82.740;3059.976
82.860;3028.936
82.980;2997.986
83.100;2982.731
83.220;2970.059
83.340;2957.502
83.460;2945.278
83.580;1826.843
83.700;1791.803
83.820;1799.368
83.940;1803.693
84.060;1804.227
84.180;1806.410
84.300;1810.070
84.420;1809.285
84.540;1761.937
84.660;1715.632
84.780;1671.214
84.900;1649.467
85.020;1655.141
85.140;1659.131
85.260;1660.849
85.380;1657.678
85.500;1075.049
85.620;1088.874
85.740;1102.602
85.860;1116.220
85.980;1129.908
86.100;1143.514
86.220;1157.043
86.340;1170.735
86.460;1184.322
86.580;1197.866
86.700;1211.640
86.820;1225.255
86.940;1238.895
87.060;1252.666
87.180;1266.427
87.300;1280.181
87.420;1295.071
87.540;1310.544
87.660;1325.918
87.780;1341.436
87.900;1357.082
88.020;1372.721
88.140;1388.410
88.260;1665.587
88.380;1745.368
88.500;1797.653
88.620;1842.076
88.740;1881.957
88.860;1919.011
88.980;1954.061
89.100;2371.283
89.220;2572.818
89.340;2734.077
89.460;2870.210
89.580;2992.752
89.700;3105.483
89.820;3208.867
89.940;3306.418
90.060;3398.848
90.180;3487.786
90.300;3570.937
90.420;3656.094
90.540;3736.732
90.660;3811.360
90.780;3858.423
90.900;3930.775
91.020;4001.607
91.140;4068.328
91.260;4133.727
91.380;4196.729
91.500;4256.399
91.620;4308.822
91.740;4342.729
91.860;4414.230
91.980;4488.011
92.100;4562.871
92.220;4644.705
92.340;4723.465
92.460;4812.946
92.580;4907.089
92.700;5002.695
92.820;5100.813
92.940;5206.768
93.060;5310.659
93.180;5414.932
93.300;5296.737
93.420;5237.152
93.540;5226.970
93.660;5244.283
93.780;5276.117
93.900;5319.513
94.020;5373.696
94.140;5439.297
94.260;5503.802
94.380;5571.838
94.500;5636.482
94.620;5698.896
94.740;7568.164
94.860;7629.766
94.980;7697.508
95.100;7766.787
95.220;7851.354
95.340;8148.973
95.460;8206.675
95.580;8271.659
95.700;8342.507
95.820;8431.282
95.940;8495.492
96.060;8558.497
96.180;8618.143
96.300;8668.413
96.420;8714.736
96.540;8759.947
96.660;8806.564
96.780;8980.313
96.900;9149.849
97.020;9261.901
97.140;9365.577
97.260;9363.140
97.380;9297.213
97.500;9289.466
97.620;9291.999
97.740;8350.136
97.860;8348.740
97.980;8348.992
98.100;8350.490
98.220;6950.830
98.340;6898.378
98.460;6867.005
98.580;6842.509
98.700;6825.908
98.820;6807.993
98.940;6793.430
99.060;6782.498
99.180;6769.319
99.300;6765.104
99.420;6765.392
99.540;6773.789
99.660;6791.104
99.780;6808.977
99.900;6835.097
100.020;6855.833
100.140;6877.310
100.260;6897.533
100.380;6916.779
100.500;6936.409
100.620;6949.278
100.740;6972.446
100.860;6934.684
100.980;6898.194
101.100;6859.274
101.220;6825.798
101.340;6793.621
101.460;6762.609
101.580;6732.873
101.700;6698.278
101.820;6671.653
101.940;6648.869
102.060;6626.229
102.180;6604.433
102.300;6583.592
102.420;6568.587
102.540;6549.694
102.660;6532.830
102.780;6518.786
102.900;6507.811
103.020;6501.049
103.140;6502.035
103.260;7929.042
103.380;7909.302
103.500;7889.206
103.620;7871.961
103.740;7857.264
103.860;7847.183
103.980;7844.154
104.100;7856.044
104.220;7924.963
104.340;7932.260
104.460;7838.557
104.580;7727.162
104.700;7569.678
104.820;7409.701
104.940;7382.508
105.060;7344.478
105.180;7301.966
105.300;7254.916
105.420;7206.117
105.540;7154.370
105.660;7119.772
105.780;7041.119
105.900;6986.245
106.020;6939.230
106.140;6896.457
106.260;6824.713
106.380;6741.720
106.500;6680.682
106.620;6629.855
106.740;6582.914
106.860;6536.266
106.980;6493.979
107.100;6453.978
107.220;6418.939
107.340;6393.497
107.460;6362.630
107.580;6342.325
107.700;6330.902
107.820;5252.847
107.940;5261.524
108.060;5294.719
108.180;5374.162
108.300;5516.627
108.420;5425.599
108.540;5341.388
108.660;5254.088
108.780;5169.297
108.900;5083.970
109.020;5001.430
109.140;4910.365
109.260;4820.563
109.380;4714.683
109.500;4609.834
109.620;4505.938
109.740;4394.525
109.860;4333.498
109.980;4255.269
110.100;4176.835
110.220;4103.479
110.340;4037.741
110.460;3970.927
110.580;3900.982
110.700;3829.730
110.820;3785.672
110.940;3715.375
111.060;3640.271
111.180;3559.663
111.300;3476.627
111.420;3387.802
111.540;3295.475
111.660;3198.046
111.780;3094.766
111.900;2982.123
112.020;2859.674
112.140;2723.632
112.260;2562.461
112.380;2361.033
112.500;1943.916
112.620;1908.959
112.740;1871.988
112.860;1832.176
112.980;1787.833
113.100;1735.632
113.220;1655.945
113.340;1378.863
113.460;1363.253
113.580;1347.688
113.700;1332.114
113.820;1316.681
113.940;1301.395
114.060;1285.820
114.180;1272.083
114.300;1258.374
114.420;1244.662
114.540;1230.948
114.660;1217.377
114.780;1203.832
114.900;1190.106
115.020;1176.612
115.140;1163.068
115.260;1149.438
115.380;1135.979
115.500;1122.434
115.620;1108.797
115.740;1095.226
115.860;1081.564
115.980;1067.795
116.100;1233.296
116.220;1229.835
116.340;1223.373
116.460;1215.424
116.580;1206.496
116.700;1196.669
116.820;1192.471
116.940;1193.556
117.060;1193.818
117.180;1193.068
117.300;1202.144
117.420;1227.629
117.540;2272.940
117.660;2293.251
117.780;2301.551
117.900;2342.287
118.020;2383.868
118.140;2425.967
118.260;2468.944
118.380;2507.560
118.500;1416.387
118.620;1418.101
118.740;1419.357
118.860;1420.656
118.980;1421.689
119.100;1389.356
119.220;1390.541
119.340;1391.708
119.460;1393.145
119.580;1394.558
119.700;1396.480
119.820;1398.359
119.940;1400.797
120.060;1403.400
120.180;1406.590
120.300;1410.273
120.420;1414.355
120.540;1421.478
120.660;1432.592
120.780;2796.218
120.900;2813.407
121.020;2834.779
121.140;2863.351
121.260;3055.285
121.380;3062.612
121.500;3070.447
121.620;3078.771
121.740;3087.511
121.860;3096.639
121.980;3104.645
122.100;3114.179
122.220;3130.155
122.340;3145.479
122.460;3161.098
122.580;3183.402
122.700;3207.561
122.820;3232.606
122.940;3258.236
123.060;3284.302
123.180;3310.681
123.300;3337.279
123.420;3364.028
123.540;3390.881
123.660;3417.526
123.780;2735.827
123.900;2761.636
124.020;2786.438
124.140;2812.056
124.260;2842.475
124.380;2882.936
124.500;2923.124
124.620;2963.146
124.740;3002.821
124.860;3041.151
124.980;3070.155
125.100;3099.316
125.220;3131.887
125.340;3165.436
125.460;3200.290
125.580;3235.915
125.700;3272.077
125.820;3336.587
125.940;3373.563
126.060;3410.840
126.180;3448.206
126.300;3485.401
126.420;3522.535
126.540;3563.049
126.660;3603.533
126.780;3643.721
126.900;3683.676
127.020;3723.450
127.140;3763.050
127.260;3802.459
127.380;3841.409
127.500;3879.721
127.620;3917.171
127.740;3954.017
127.860;3990.314
127.980;4028.565
128.100;4070.361
128.220;4112.445
128.340;4154.760
128.460;4197.225
128.580;4235.108
128.700;4261.550
128.820;4287.126
128.940;4311.683
129.060;4335.269
129.180;4358.251
129.300;4379.954
129.420;4399.842
129.540;4418.479
129.660;4436.209
129.780;4453.288
129.900;4469.827
130.020;4485.900
130.140;4514.537
130.260;4545.921
130.380;4577.799
130.500;4607.021
130.620;4632.844
130.740;4660.518
130.860;4690.559
130.980;4722.382
131.100;4756.371
131.220;4792.690
131.340;4830.875
131.460;4870.673
131.580;4911.937
131.700;4954.579
131.820;4998.508
131.940;5043.689
132.060;5090.083
132.180;5137.585
132.300;5186.295
132.420;5239.040
132.540;5294.088
132.660;5360.004
132.780;5433.192
132.900;5508.518
133.020;5585.730
133.140;5664.750
133.260;5718.408
133.380;5802.974
133.500;5890.167
133.620;5974.371
133.740;5245.445
133.860;5324.760
133.980;5406.348
134.100;5489.950
134.220;5575.502
134.340;5662.618
134.460;5750.300
134.580;5837.424
134.700;5922.348
134.820;6005.751
134.940;6086.932
135.060;6165.680
135.180;6241.257
135.300;6315.666
135.420;6393.063
135.540;6466.860
135.660;6538.593
135.780;6609.158
135.900;6678.864
136.020;6747.476
136.140;6815.248
136.260;6882.181
136.380;6948.198
136.500;7002.648
136.620;7051.345
136.740;7098.860
136.860;7146.425
136.980;7194.514
137.100;7241.661
137.220;7356.848
137.340;7500.195
137.460;7647.947
137.580;7799.172
137.700;7952.675
137.820;8107.696
137.940;8267.207
138.060;8427.058
138.180;8597.393
138.300;8797.283
138.420;8969.873
138.540;9150.565
138.660;9337.768
138.780;9525.724
138.900;9712.359
139.020;9897.666
139.140;10082.542
139.260;10266.532
139.380;10447.307
139.500;10612.875
139.620;8390.073
139.740;10900.733
139.860;11051.333
139.980;11220.327
140.100;16813.519
140.220;17028.138
140.340;17240.539
140.460;17431.952
140.580;17609.784
140.700;17904.044
140.820;18075.641
140.940;18246.600
141.060;18415.648
141.180;18583.671
141.300;18751.771
141.420;18918.516
141.540;19084.100
141.660;19247.920
141.780;19409.776
141.900;19561.908
142.020;19711.118
142.140;19835.186
142.260;19888.840
142.380;19932.652
142.500;19965.128
142.620;19998.007
142.740;20035.855
142.860;20092.813
142.980;20149.899
143.100;20200.082
143.220;20184.396
143.340;20166.954
143.460;20135.794
143.580;20098.327
143.700;20065.635
143.820;20037.019
143.940;20002.579
144.060;19968.749
144.180;19937.921
144.300;19902.119
144.420;19855.777
144.540;19800.216
144.660;19747.905
144.780;19702.751
144.900;19654.611
145.020;19443.909
145.140;16451.729
145.260;16405.511
145.380;16360.430
145.500;16320.899
145.620;16264.108
145.740;16143.318
145.860;16110.288
145.980;16074.775
146.100;16032.182
146.220;15974.362
146.340;15916.178
146.460;15858.660
146.580;15794.258
146.700;15734.534
146.820;15680.424
146.940;15634.675
147.060;15587.693
147.180;15535.546
147.300;15477.942
147.420;15412.862
147.540;15342.763
147.660;15267.925
147.780;15174.800
147.900;15080.542
148.020;14978.836
148.140;14892.352
148.260;14860.361
148.380;14828.819
148.500;14802.967
148.620;14771.833
148.740;14745.157
148.860;14717.416
148.980;14687.289
149.100;14655.565
149.220;14625.255
149.340;14597.225
149.460;14559.381
149.580;14520.347
149.700;14474.982
149.820;14435.243
149.940;14390.625
150.060;14602.177
150.180;14557.794
150.300;14512.066
150.420;14465.013
150.540;14416.574
150.660;14367.781
150.780;14319.525
150.900;14271.037
151.020;14211.084
151.140;14144.321
151.260;14073.847
151.380;14009.386
151.500;13948.232
151.620;13889.154
151.740;13825.882
151.860;13763.555
151.980;13676.683
152.100;13590.587
152.220;13506.528
152.340;13426.859
152.460;13354.669
152.580;13284.586
152.700;13210.836
152.820;13132.834
152.940;13054.398
153.060;12987.608
153.180;12345.701
153.300;12278.481
153.420;12225.671
153.540;12175.663
153.660;12130.044
153.780;12071.467
153.900;11064.527
154.020;11012.568
154.140;10971.111
154.260;10933.390
154.380;10899.964
154.500;10859.968
154.620;10818.885
154.740;10777.190
154.860;11655.746
154.980;11623.295
155.100;11589.738
155.220;11553.965
155.340;11523.080
155.460;11576.844
155.580;11548.891
155.700;11532.072
155.820;11508.259
155.940;11461.446
156.060;11416.286
156.180;11366.202
156.300;11319.346
156.420;11278.531
156.540;11241.760
156.660;11210.046
156.780;11173.999
156.900;11136.540
157.020;11091.373
157.140;11040.098
157.260;10992.830
157.380;10955.492
157.500;10920.613
157.620;10895.983
157.740;10853.271
157.860;10807.015
157.980;10791.502
158.100;10646.202
158.220;10611.344
158.340;10579.815
158.460;10535.395
158.580;10481.967
158.700;10413.442
158.820;10319.026
158.940;10223.771
159.060;10137.752
159.180;10057.492
159.300;9981.938
159.420;9906.902
159.540;9830.165
159.660;9742.906
159.780;9667.092
159.900;9594.351
160.020;9519.976
160.140;9459.159
160.260;9399.965
160.380;9333.080
160.500;9257.833
160.620;9176.338
160.740;9092.910
160.860;9005.913
160.980;8916.758
161.100;8145.219
161.220;8077.004
161.340;8008.769
161.460;7938.633
161.580;7875.154
161.700;7821.215
161.820;7773.964
161.940;7737.943
162.060;7701.463
162.180;7664.822
162.300;7629.336
162.420;7594.821
162.540;7558.744
162.660;7517.677
162.780;7473.027
162.900;7426.531
163.020;7354.051
163.140;7310.703
163.260;7271.021
163.380;7235.443
163.500;7203.973
163.620;7170.701
163.740;7136.299
163.860;7117.624
163.980;7094.679
164.100;7070.812
164.220;7046.471
164.340;7020.939
164.460;6994.623
164.580;6967.804
164.700;6940.153
164.820;6912.112
164.940;6883.176
165.060;6853.261
165.180;6821.642
165.300;6786.134
165.420;6748.100
165.540;6705.656
165.660;6662.357
165.780;6617.357
165.900;6567.194
166.020;6526.387
166.140;6485.299
166.260;6443.844
166.380;6401.940
166.500;6359.452
166.620;6316.127
166.740;6272.815
166.860;6229.661
166.980;6186.824
167.100;6143.963
167.220;6100.418
167.340;6057.123
167.460;6819.539
167.580;6774.809
167.700;6726.733
167.820;6674.911
167.940;6621.467
168.060;6606.760
168.180;6565.009
168.300;6524.426
168.420;6484.649
168.540;6445.574
168.660;6407.166
168.780;6370.194
168.900;6330.573
169.020;6291.142
169.140;6252.541
169.260;6214.792
169.380;6177.881
169.500;6141.706
169.620;6106.157
169.740;6071.241
169.860;6036.959
169.980;6003.511
170.100;5971.001
170.220;5939.350
170.340;5908.656
170.460;5878.100
170.580;5845.021
170.700;5813.380
170.820;5782.995
170.940;5753.828
171.060;5726.375
171.180;5702.571
171.300;5682.663
171.420;5662.922
171.540;5643.491
171.660;5624.946
171.780;5608.311
171.900;5600.307
172.020;5572.840
172.140;5544.583
172.260;5515.332
172.380;5484.697
172.500;5451.569
172.620;5415.173
172.740;5371.089
172.860;5324.727
172.980;5281.571
173.100;5239.510
173.220;5197.812
173.340;5159.678
173.460;5121.974
173.580;5084.501
173.700;5047.448
173.820;5010.586
173.940;4973.981
174.060;4937.391
174.180;4901.013
174.300;4864.706
174.420;4828.607
174.540;4792.705
174.660;4756.591
174.780;4720.299
174.900;4683.470
175.020;4640.327
175.140;4595.134
175.260;4552.832
175.380;4511.000
175.500;4441.947
175.620;4401.927
175.740;4364.169
175.860;4335.069
175.980;4294.186
176.100;4244.742
176.220;4194.990
176.340;4144.930
176.460;4095.686
176.580;4046.930
176.700;3998.540
176.820;3950.606
176.940;3906.336
177.060;3867.408
177.180;3824.969
177.300;3782.858
177.420;3741.012
177.540;4407.296
177.660;4365.987
177.780;4069.784
177.900;4030.795
178.020;3991.652
178.140;3953.120
178.260;3915.275
178.380;3878.096
178.500;3841.657
178.620;3805.942
178.740;3770.933
178.860;3736.682
178.980;3700.624
179.100;3665.054
179.220;3634.674
179.340;3605.312
179.460;3577.213
179.580;3550.133
179.700;3519.833
179.820;3489.585
179.940;3460.054
180.060;3249.534
180.180;3200.202
180.300;3157.408
180.420;3116.939
180.540;1718.575
180.660;1674.945
180.780;1633.078
180.900;1595.454
181.020;1565.313
181.140;1536.127
181.260;1508.033
181.380;1480.677
181.500;1454.544
181.620;1429.219
181.740;1405.779
181.860;1383.241
181.980;1361.814
182.100;1341.368
182.220;2618.600
182.340;2601.082
182.460;2584.163
182.580;2575.085
182.700;2570.393
182.820;2571.872
182.940;2573.417
183.060;2574.961
183.180;2576.798
183.300;1472.445
183.420;1451.390
183.540;1472.944
183.660;1491.283
183.780;1505.728
183.900;1517.809
184.020;1528.046
184.140;1537.304
184.260;1545.561
184.380;1552.981
184.500;1559.998
184.620;1567.688
184.740;1574.407
184.860;1580.076
184.980;1584.332
185.100;1585.796
185.220;1297.165
185.340;1306.350
185.460;1314.866
185.580;1322.324
185.700;1311.622
185.820;1294.970
185.940;1278.892
186.060;1263.719
186.180;1249.286
186.300;1235.810
186.420;1223.897
186.540;1225.255
186.660;1238.895
186.780;1252.666
186.900;1266.427
187.020;1280.181
187.140;1295.071
187.260;1310.544
187.380;1325.918
187.500;1341.436
187.620;1357.082
187.740;1372.721
187.860;1388.410
187.980;1665.587
188.100;1745.368
188.220;1797.653
188.340;1842.076
188.460;1881.957
188.580;1919.011
188.700;1954.061
188.820;2371.283
188.940;2572.818
189.060;2734.077
189.180;2870.212
189.300;2992.752
189.420;3105.483
189.540;3208.867
189.660;3305.086
189.780;3397.036
189.900;3487.204
190.020;3569.609
190.140;3653.226
190.260;3734.306
190.380;3809.103
190.500;3853.492
190.620;3923.933
190.740;3994.157
190.860;4061.562
190.980;4128.998
191.100;4192.183
191.220;4254.105
191.340;4309.907
191.460;4344.937
191.580;4417.292
191.700;4491.776
191.820;4565.223
191.940;4646.907
192.060;4724.422
192.180;4814.193
192.300;4908.556
192.420;5004.204
192.540;5101.775
192.660;5205.614
192.780;5309.840
192.900;5415.711
193.020;5298.504
193.140;5240.346
193.260;5233.292
193.380;5252.519
193.500;5283.675
193.620;5325.831
193.740;5379.506
193.860;5445.257
193.980;5509.723
194.100;5574.907
194.220;5637.936
194.340;5698.972
194.460;7563.761
194.580;7626.959
194.700;7694.127
194.820;7759.514
194.940;7838.860
195.060;8139.812
195.180;8198.567
195.300;8265.228
195.420;8330.611
195.540;8419.926
195.660;8483.923
195.780;8548.674
195.900;8611.625
196.020;8663.993
196.140;8714.552
196.260;8762.033
196.380;8806.214
196.500;8978.550
196.620;9147.422
196.740;9269.035
196.860;9371.977
196.980;9367.672
197.100;9298.899
197.220;9290.704
197.340;9293.691
197.460;8354.161
197.580;8353.491
197.700;8354.163
197.820;8356.088
197.940;6955.552
198.060;6903.188
198.180;6872.678
198.300;6849.389
198.420;6833.849
198.540;6816.355
198.660;6801.548
198.780;6790.342
198.900;6776.849
199.020;6772.140
199.140;6771.886
199.260;6779.698
199.380;6796.267
199.500;6813.240
199.620;6837.591
199.740;6857.219
199.860;6869.072
199.980;6883.416
200.100;6902.659
200.220;6922.290
200.340;6935.159
200.460;6958.328
200.580;6920.565
200.700;6884.076
200.820;6845.153
200.940;6811.680
201.060;6787.797
201.180;6759.698
201.300;6733.494
201.420;6699.851
201.540;6673.594
201.660;6651.079
201.780;6628.640
201.900;6607.391
202.020;6587.063
202.140;6572.909
202.260;6554.429
202.380;6537.885
202.500;6523.936
202.620;6512.402
202.740;6505.286
202.860;6506.216
202.980;7933.197
203.100;7913.476
203.220;7893.410
203.340;7874.883
203.460;7859.494
203.580;7849.010
203.700;7846.301
203.820;7857.793
203.940;7926.990
204.060;7934.216
204.180;7840.560
204.300;7729.250
204.420;7572.346
204.540;7414.855
204.660;7389.371
204.780;7351.919
204.900;7306.104
205.020;7255.389
205.140;7206.180
205.260;7154.028
205.380;7118.233
205.500;7038.844
205.620;6983.024
205.740;6933.481
205.860;6890.048
205.980;6818.368
206.100;6735.519
206.220;6673.983
206.340;6626.633
206.460;6580.064
206.580;6533.411
206.700;6491.187
206.820;6451.890
206.940;6417.756
207.060;6393.256
207.180;6362.430
207.300;6342.115
207.420;6330.832
207.540;5253.339
207.660;5263.092
207.780;5296.707
207.900;5375.599
208.020;5517.797
208.140;5429.834
208.260;5343.483
208.380;5256.707
208.500;5171.963
208.620;5086.641
208.740;5003.438
208.860;4912.203
208.980;4822.244
209.100;4717.380
209.220;4612.265
209.340;4508.547
209.460;4394.624
209.580;4333.813
209.700;4255.427
209.820;4176.563
209.940;4099.793
210.060;4033.999
210.180;3967.520
210.300;3897.642
210.420;3829.294
210.540;3785.267
210.660;3711.725
210.780;3635.387
210.900;3554.908
211.020;3472.033
211.140;3384.003
211.260;3292.232
211.380;3198.046
211.500;3094.766
211.620;2982.123
211.740;2859.676
211.860;2723.632
211.980;2562.461
212.100;2361.033
212.220;1943.916
212.340;1908.959
212.460;1871.988
212.580;1832.176
212.700;1787.833
212.820;1735.632
212.940;1655.945
213.060;1378.863
213.180;1363.253
213.300;1347.688
213.420;1332.114
213.540;1316.681
213.660;1301.395
213.780;1285.820
213.900;1272.083
214.020;1258.374
214.140;1244.662
214.260;1230.948
214.380;1217.377
214.500;1203.832
214.620;1202.465
214.740;1207.992
214.860;1213.958
214.980;1220.201
215.100;1226.922
215.220;1233.829
215.340;1240.883
215.460;1248.234
215.580;1255.689
215.700;1263.233
215.820;1629.524
215.940;1658.149
216.060;1692.634
216.180;1728.546
216.300;1763.102
216.420;1845.400
216.540;1968.073
216.660;2096.916
216.780;2209.176
216.900;2241.914
217.020;2280.191
217.140;2341.185
217.260;3414.146
217.380;3434.584
217.500;3441.711
217.620;3480.335
217.740;3519.125
217.860;3557.717
217.980;3596.646
218.100;3635.633
218.220;2568.145
218.340;2607.413
218.460;2646.788
218.580;2686.587
218.700;2726.345
218.820;2915.050
218.940;2942.399
219.060;2967.323
219.180;2992.264
219.300;3017.020
219.420;3043.203
219.540;3071.323
219.660;3101.057
219.780;3131.810
219.900;3163.800
220.020;3196.860
220.140;3230.790
220.260;3266.325
220.380;3292.654
220.500;4660.498
220.620;4685.840
220.740;4714.359
220.860;4749.275
220.980;4952.161
221.100;4964.532
221.220;4977.576
221.340;5000.287
221.460;5041.265
221.580;5086.621
221.700;5139.069
221.820;5193.657
221.940;5250.206
222.060;5308.491
222.180;5369.928
222.300;5443.791
222.420;5525.320
222.540;5622.078
222.660;5719.921
222.780;5818.993
222.900;5918.900
223.020;6019.280
223.140;6123.037
223.260;6241.436
223.380;6361.116
223.500;5764.855
223.620;5872.846
223.740;5981.385
223.860;6074.538
223.980;6161.900
224.100;6248.245
224.220;6332.922
224.340;6414.145
224.460;6491.535
224.580;6567.590
224.700;6641.986
224.820;6714.941
224.940;6786.757
225.060;6864.900
225.180;6944.487
225.300;7024.818
225.420;7105.668
225.540;7214.837
225.660;7291.024
225.780;7355.693
225.900;7418.589
226.020;7479.865
226.140;7542.558
226.260;7602.381
226.380;7659.261
226.500;7715.059
226.620;7769.724
226.740;7823.410
226.860;7876.155
226.980;7928.049
227.100;7979.140
227.220;8029.657
227.340;8080.147
227.460;8130.390
227.580;8179.989
227.700;8228.061
227.820;8275.127
227.940;8321.536
228.060;8367.241
228.180;8407.482
228.300;8447.272
228.420;8487.268
228.540;8526.485
228.660;8564.509
228.780;8601.038
228.900;8635.475
229.020;8666.237
229.140;8693.526
229.260;8718.384
229.380;8741.215
229.500;8762.245
229.620;8780.127
229.740;8796.780
229.860;8813.120
229.980;8828.854
230.100;8843.235
230.220;8848.023
230.340;8841.425
230.460;8833.791
230.580;8826.238
230.700;8817.985
230.820;8808.552
230.940;8798.218
231.060;8787.047
231.180;8774.410
231.300;8760.527
231.420;8745.569
231.540;8729.613
231.660;8713.494
231.780;8697.763
231.900;8682.231
232.020;8667.216
232.140;8652.084
232.260;8638.103
232.380;8625.276
232.500;8613.849
232.620;8603.444
232.740;8593.195
232.860;8583.103
232.980;8546.909
233.100;8542.266
233.220;8540.154
233.340;8540.365
233.460;7736.744
233.580;7741.776
233.700;7747.910
233.820;7753.691
233.940;7759.370
234.060;7795.599
234.180;7844.769
234.300;7895.154
234.420;7948.379
234.540;8003.712
234.660;8060.523
234.780;8119.072
234.900;8178.654
235.020;8238.097
235.140;8297.334
235.260;8355.928
235.380;8414.023
235.500;8472.261
235.620;8530.351
235.740;8588.697
235.860;8646.785
235.980;8703.755
236.100;8760.655
236.220;8817.961
236.340;8873.630
236.460;8926.462
236.580;8979.180
236.700;9032.257
236.820;9085.658
236.940;9139.616
237.060;9193.368
237.180;9248.522
237.300;9306.272
237.420;9365.641
237.540;9426.691
237.660;9489.371
237.780;9552.858
237.900;9616.593
238.020;9709.877
238.140;9775.536
238.260;9839.775
238.380;9900.068
238.500;9959.762
238.620;10019.253
238.740;10075.832
238.860;10117.444
238.980;10130.486
239.100;10133.490
239.220;10136.792
239.340;10161.143
239.460;10238.931
239.580;10301.526
239.700;10357.160
239.820;10400.224
239.940;10445.798
240.060;10489.719
240.180;10526.287
240.300;10573.739
240.420;10625.171
240.540;10682.694
240.660;10739.525
240.780;10794.957
240.900;10844.815
241.020;10890.539
241.140;10934.816
241.260;10973.752
241.380;11003.065
241.500;11027.500
241.620;11052.392
241.740;11076.932
241.860;11099.301
241.980;11115.705
242.100;11135.015
242.220;11158.169
242.340;11184.756
242.460;11208.868
242.580;11226.621
242.700;11245.382
242.820;11266.826
242.940;11261.154
243.060;11286.102
243.180;11311.928
243.300;11338.262
243.420;11387.029
243.540;11438.704
243.660;11477.775
243.780;11514.607
243.900;11555.799
244.020;11596.427
244.140;11639.652
244.260;11683.149
244.380;11712.647
244.500;11756.174
244.620;11801.212
244.740;11509.666
244.860;11560.114
244.980;11614.044
245.100;11661.161
245.220;11711.468
245.340;11756.733
245.460;11717.284
245.580;11761.131
245.700;11798.638
245.820;11833.386
245.940;11870.496
246.060;11891.738
246.180;11900.976
246.300;11899.962
246.420;11898.637
246.540;11892.575
246.660;11884.097
246.780;11873.440
246.900;11860.243
247.020;11848.857
247.140;11836.565
247.260;11828.658
247.380;11811.310
247.500;11763.441
247.620;11732.320
247.740;11698.562
247.860;11667.273
247.980;11645.274
248.100;11626.845
248.220;11610.024
248.340;11591.975
248.460;11570.802
248.580;11550.602
248.700;11527.335
248.820;11493.854
248.940;11456.880
249.060;10466.714
249.180;10263.113
249.300;10222.056
249.420;10162.821
249.540;10099.589
249.660;10045.584
249.780;10509.545
249.900;10463.691
250.020;11519.845
250.140;11450.545
250.260;11380.057
250.380;11308.168
250.500;11229.188
250.620;11148.832
250.740;11069.777
250.860;10993.128
250.980;10935.571
251.100;10889.288
251.220;10840.846
251.340;10793.633
251.460;10760.522
251.580;10734.253
251.700;10657.332
251.820;10609.240
251.940;10566.704
252.060;10524.017
252.180;10479.139
252.300;10439.666
252.420;10400.769
252.540;10361.312
252.660;10325.852
252.780;10290.407
252.900;10252.853
253.020;10199.327
253.140;10163.824
253.260;10135.589
253.380;10116.227
253.500;10081.432
253.620;10041.953
253.740;10005.766
253.860;9967.637
253.980;9924.788
254.100;9877.113
254.220;9835.876
254.340;9793.035
254.460;9751.555
254.580;9716.025
254.700;9680.752
254.820;9652.702
254.940;9624.378
255.060;9596.661
255.180;9654.715
255.300;9642.463
255.420;9654.518
255.540;9637.601
255.660;9585.346
255.780;9544.615
255.900;9508.766
256.020;9467.198
256.140;9414.585
256.260;9358.859
256.380;9300.095
256.500;9223.459
256.620;9155.161
256.740;9088.201
256.860;9028.506
256.980;8976.606
257.100;8928.700
257.220;8884.718
257.340;8872.444
257.460;8828.871
257.580;8786.782
257.700;8769.968
257.820;8720.240
257.940;8669.898
258.060;8626.705
258.180;8572.799
258.300;8517.513
258.420;8457.625
258.540;8398.823
258.660;8340.902
258.780;8277.566
258.900;8212.806
259.020;8149.467
259.140;8084.869
259.260;8011.862
259.380;7917.569
259.500;7850.700
259.620;7806.433
259.740;7768.007
259.860;7723.299
259.980;7679.192
260.100;7634.691
260.220;7592.611
260.340;7550.569
260.460;7505.619
260.580;7458.406
260.700;7411.421
260.820;7374.466
260.940;7344.508
261.060;7313.456
261.180;7282.706
261.300;7252.999
261.420;7226.128
261.540;7203.275
261.660;7201.723
261.780;7201.488
261.900;7202.546
262.020;7205.899
262.140;7210.035
262.260;7213.557
262.380;7215.780
262.500;7217.637
262.620;7219.078
262.740;7190.807
262.860;7188.069
262.980;7182.018
263.100;7171.066
263.220;7157.520
263.340;7139.562
263.460;7119.771
263.580;7131.782
263.700;7135.265
263.820;7136.843
263.940;7137.204
264.060;7134.859
264.180;7130.453
264.300;7125.122
264.420;7119.236
264.540;7113.329
264.660;7106.608
264.780;7098.485
264.900;7087.207
265.020;7074.893
265.140;7063.114
265.260;7051.594
265.380;7040.237
265.500;7027.338
265.620;7005.803
265.740;7003.627
265.860;7001.556
265.980;6999.971
266.100;6999.353
266.220;6998.152
266.340;6996.057
266.460;6993.104
266.580;6989.158
266.700;6984.320
266.820;6978.413
266.940;6971.475
267.060;6963.421
267.180;7760.209
267.300;7748.960
267.420;7735.187
267.540;7715.552
267.660;7691.762
267.780;7717.176
267.900;7716.042
268.020;7715.432
268.140;7714.735
268.260;7714.092
268.380;7713.741
268.500;7713.688
268.620;7713.876
268.740;7713.622
268.860;7712.971
268.980;7711.868
269.100;7710.211
269.220;7707.829
269.340;7704.771
269.460;7701.042
269.580;7696.290
269.700;7690.201
269.820;7682.768
269.940;7673.637
270.060;7662.543
270.180;7641.665
270.300;7618.493
270.420;7594.207
270.540;7569.571
270.660;7544.799
270.780;7519.216
270.900;7493.615
271.020;7467.618
271.140;7440.843
271.260;7415.624
271.380;7393.235
271.500;7376.401
271.620;7378.882
271.740;7343.387
271.860;7307.569
271.980;7271.520
272.100;7235.148
272.220;7197.540
272.340;7159.157
272.460;7120.303
272.580;7080.674
272.700;7034.891
272.820;6985.671
272.940;6936.576
273.060;6888.531
273.180;6841.368
273.300;6795.957
273.420;6756.943
273.540;6716.270
273.660;6675.880
273.780;6635.719
273.900;6596.212
274.020;6554.111
274.140;6511.877
274.260;6470.052
274.380;6428.643
274.500;6392.316
274.620;6356.775
274.740;6318.971
274.860;6280.492
274.980;6243.190
275.100;6206.812
275.220;6143.826
275.340;6110.919
275.460;6082.505
275.580;6077.310
275.700;6049.867
275.820;6002.708
275.940;5951.400
276.060;5896.496
276.180;5839.890
276.300;5783.343
276.420;5726.663
276.540;5669.776
276.660;5611.200
276.780;5549.585
276.900;5490.370
277.020;5433.215
277.140;5375.764
277.260;6022.566
277.380;5953.958
277.500;5375.344
277.620;5311.189
277.740;5246.873
277.860;5183.910
277.980;5122.365
278.100;5062.317
278.220;5003.696
278.340;4946.468
278.460;4890.484
278.580;4835.790
278.700;4782.441
278.820;4730.646
278.940;4680.334
279.060;4631.077
279.180;4583.094
279.300;4536.658
279.420;4501.394
279.540;4471.502
279.660;4442.693
279.780;4234.416
279.900;4186.661
280.020;4145.640
280.140;4108.769
280.260;2718.002
280.380;2681.864
280.500;2649.637
280.620;2623.216
280.740;2597.345
280.860;2572.230
280.980;2547.998
281.100;2524.273
281.220;2487.870
281.340;2450.705
281.460;2416.592
281.580;2383.148
281.700;2350.759
281.820;2319.423
281.940;3586.301
282.060;3558.351
282.180;3532.316
282.300;3513.851
282.420;3507.478
282.540;3500.971
282.660;3494.108
282.780;3486.882
282.900;3479.406
283.020;2364.869
283.140;2323.826
283.260;2325.269
283.380;2323.316
283.500;2317.383
283.620;2308.804
283.740;2298.114
283.860;2286.090
283.980;2272.328
284.100;2247.392
284.220;2221.393
284.340;2196.035
284.460;2169.627
284.580;2141.675
284.700;2111.578
284.820;2076.661
284.940;1462.257
285.060;1444.128
285.180;1425.266
285.300;1385.769
285.420;1320.705
285.540;1260.311
285.660;1211.243
285.780;1201.904
285.900;1203.256
286.020;1205.154
286.140;1211.640
286.260;1225.255
286.380;1238.895
286.500;1252.666
286.620;1266.427
286.740;1280.181
286.860;1295.071
286.980;1310.544
287.100;1325.918
287.220;1341.436
287.340;1357.082
287.460;1372.721
287.580;1388.410
287.700;1665.587
287.820;1745.368
287.940;1797.653
288.060;1842.076
288.180;1881.957
288.300;1919.011
288.420;1954.061
288.540;2371.283
288.660;2572.818
288.780;2734.077
288.900;2870.212
289.020;2992.752
289.140;3105.483
289.260;3208.867
289.380;3305.706
289.500;3396.537
289.620;3484.402
289.740;3565.574
289.860;3650.928
289.980;3731.061
290.100;3806.243
290.220;3853.009
290.340;3921.357
290.460;3992.011
290.580;4059.761
290.700;4127.885
290.820;4192.638
290.940;4254.105
291.060;4311.122
291.180;4347.048
291.300;4418.374
291.420;4493.389
291.540;4567.999
291.660;4648.949
291.780;4726.614
291.900;4815.209
292.020;4909.118
292.140;5004.790
292.260;5103.125
292.380;5207.053
292.500;5311.332
292.620;5416.060
292.740;5297.004
292.860;5238.946
292.980;5231.556
293.100;5251.900
293.220;5284.266
293.340;5328.237
293.460;5383.384
293.580;5449.876
293.700;5514.874
293.820;5581.228
293.940;5645.217
294.060;5705.522
294.180;7560.603
294.300;7621.552
294.420;7686.890
294.540;7752.559
294.660;7833.152
294.780;8140.024
294.900;8198.382
295.020;8262.521
295.140;8325.161
295.260;8414.509
295.380;8480.645
295.500;8545.780
295.620;8608.403
295.740;8660.233
295.860;8710.354
295.980;8758.811
296.100;8802.033
296.220;8976.856
296.340;9151.972
296.460;9271.713
296.580;9374.024
296.700;9370.981
296.820;9304.753
296.940;9295.877
297.060;9296.885
297.180;8354.671
297.300;8352.987
297.420;8353.173
297.540;8354.407
297.660;6954.957
297.780;6902.994
297.900;6872.676
298.020;6849.389
298.140;6833.847
298.260;6816.355
298.380;6801.548
298.500;6790.342
298.620;6776.849
298.740;6772.140
298.860;6771.887
298.980;6779.698
299.100;6796.269
299.220;6813.242
299.340;6837.592
299.460;6857.219
299.580;6869.041
299.700;6880.976
299.820;6900.215
299.940;6919.849
300.060;6932.717
300.180;6955.886
300.300;6918.124
300.420;6881.634
300.540;6842.710
300.660;6809.240
300.780;6785.385
300.900;6763.300
301.020;6734.395
301.140;6700.949
301.260;6674.872
301.380;6652.509
301.500;6630.218
301.620;6609.166
301.740;6589.011
301.860;6575.020
301.980;6556.689
302.100;6540.291
302.220;6526.205
302.340;6514.496
302.460;6507.350
302.580;6508.278
302.700;7935.313
302.820;7915.661
302.940;7895.641
303.060;7877.332
303.180;7861.589
303.300;7851.278
303.420;7848.794
303.540;7860.725
303.660;7929.824
303.780;7936.885
303.900;7843.026
304.020;7731.517
304.140;7571.618
304.260;7413.296
304.380;7388.231
304.500;7350.589
304.620;7303.534
304.740;7254.106
304.860;7203.740
304.980;7150.607
305.100;7114.346
305.220;7034.767
305.340;6982.132
305.460;6933.988
305.580;6890.806
305.700;6820.084
305.820;6738.307
305.940;6677.808
306.060;6628.183
306.180;6582.414
306.300;6536.667
306.420;6494.713
306.540;6455.756
306.660;6421.314
306.780;6396.418
306.900;6366.064
307.020;6345.869
307.140;6334.586
307.260;5257.019
307.380;5266.333
307.500;5298.965
307.620;5378.427
307.740;5520.003
307.860;5431.385
307.980;5347.036
308.100;5259.665
308.220;5174.260
308.340;5088.394
308.460;5005.278
308.580;4913.995
308.700;4823.883
308.820;4717.012
308.940;4610.701
309.060;4504.265
309.180;4390.074
309.300;4328.739
309.420;4249.799
309.540;4170.422
309.660;4096.419
309.780;4029.843
309.900;3963.007
310.020;3893.385
310.140;3830.827
310.260;3786.783
310.380;3713.136
310.500;3636.020
310.620;3556.037
310.740;3473.800
310.860;3386.113
310.980;3295.150
311.100;3198.046
311.220;3094.766
311.340;2982.123
311.460;2859.676
311.580;2723.632
311.700;2562.462
311.820;2361.033
311.940;1943.916
312.060;1908.959
312.180;1871.988
312.300;1832.176
312.420;1787.833
312.540;1735.632
312.660;1655.945
312.780;1378.863
312.900;1363.253
313.020;1347.688
313.140;1332.114
313.260;1316.681
313.380;1301.395
313.500;1285.820
313.620;1272.083
313.740;1258.374
313.860;1244.662
313.980;1236.139
314.100;1244.882
314.220;1275.224
314.340;1327.248
314.460;1380.987
314.580;1435.823
314.700;1491.551
314.820;1548.329
314.940;1605.791
315.060;1652.719
315.180;1669.583
315.300;1685.787
315.420;1701.593
315.540;2194.750
315.660;2229.163
315.780;2236.342
315.900;2239.941
316.020;2241.238
316.140;2240.792
316.260;2245.342
316.380;2254.531
316.500;2262.497
316.620;2269.001
316.740;2284.957
316.860;2317.052
316.980;3354.048
317.100;3338.341
317.220;3309.173
317.340;3311.360
317.460;3313.548
317.580;3315.388
317.700;3317.386
317.820;3319.289
317.940;2222.744
318.060;2224.945
318.180;2229.926
318.300;2247.793
318.420;2266.270
318.540;2257.662
318.660;2279.961
318.780;2303.582
318.900;2328.555
319.020;2354.439
319.140;2381.683
319.260;2409.600
319.380;2438.712
319.500;2468.650
319.620;2499.750
319.740;2531.875
319.860;2576.077
319.980;2625.747
320.100;2677.410
320.220;4085.498
320.340;4142.428
320.460;4203.367
320.580;4271.973
320.700;4500.606
320.820;4549.589
320.940;4599.538
321.060;4650.418
321.180;4702.124
321.300;4754.618
321.420;4807.796
321.540;4861.526
321.660;4915.873
321.780;4960.971
321.900;5002.503
322.020;5049.962
322.140;5097.488
322.260;5145.179
322.380;5194.216
322.500;5253.562
322.620;5313.167
322.740;5376.675
322.860;5441.948
322.980;5764.107
323.100;5831.055
323.220;5190.080
323.340;5256.911
323.460;5323.661
323.580;5390.432
323.700;5444.780
323.820;5496.497
323.940;5548.320
324.060;5600.174
324.180;5651.964
324.300;5704.629
324.420;5757.344
324.540;5809.615
324.660;5861.083
324.780;5903.609
324.900;5934.037
325.020;5972.780
325.140;6012.975
325.260;6070.947
325.380;6100.832
325.500;6131.029
325.620;6161.509
325.740;6190.733
325.860;6219.078
325.980;6257.206
326.100;6302.307
326.220;6346.955
326.340;6391.151
326.460;6434.960
326.580;6478.302
326.700;6521.056
326.820;6560.852
326.940;6599.167
327.060;6640.324
327.180;6682.884
327.300;6724.400
327.420;6765.372
327.540;6805.822
327.660;6845.912
327.780;6885.664
327.900;6925.072
328.020;6964.244
328.140;7003.356
328.260;7034.288
328.380;7062.281
328.500;7092.171
328.620;7120.854
328.740;7148.073
328.860;7155.089
328.980;7170.565
329.100;7187.702
329.220;7205.170
329.340;7222.312
329.460;7239.032
329.580;7255.486
329.700;7274.682
329.820;7296.152
329.940;7315.988
330.060;7333.653
330.180;7352.160
330.300;7371.874
330.420;7392.011
330.540;7396.597
330.660;7398.062
330.780;7399.832
330.900;7402.741
331.020;7431.570
331.140;7475.464
331.260;7521.412
331.380;7569.390
331.500;7618.903
331.620;7668.441
331.740;7717.425
331.860;7769.024
331.980;7825.151
332.100;7883.677
332.220;7945.026
332.340;8007.955
332.460;8072.537
332.580;8139.001
332.700;8179.550
332.820;8259.702
332.940;8339.393
333.060;8417.874
333.180;7691.061
333.300;7771.259
333.420;7851.536
333.540;7931.573
333.660;8013.723
333.780;8097.245
333.900;8180.260
334.020;8263.144
334.140;8345.856
334.260;8428.472
334.380;8511.231
334.500;8593.844
334.620;8675.921
334.740;8757.644
334.860;8849.055
334.980;8935.764
335.100;9021.832
335.220;9107.775
335.340;9193.638
335.460;9279.673
335.580;9367.112
335.700;9454.749
335.820;9530.579
335.940;9585.251
336.060;9637.791
336.180;9685.818
336.300;9731.176
336.420;9775.111
336.540;9817.298
336.660;9860.295
336.780;9903.543
336.900;9943.141
337.020;9998.797
337.140;10053.109
337.260;10102.762
337.380;10150.106
337.500;10202.296
337.620;10251.740
337.740;10311.674
337.860;10339.496
337.980;10365.629
338.100;10406.649
338.220;10447.956
338.340;10487.448
338.460;10526.760
338.580;10556.692
338.700;10594.005
338.820;10625.841
338.940;10675.869
339.060;10728.037
339.180;10799.646
339.300;10865.500
339.420;10914.841
339.540;10971.366
339.660;11033.511
339.780;11085.585
339.900;11129.413
340.020;11158.685
340.140;11181.138
340.260;11205.266
340.380;11230.143
340.500;11249.993
340.620;11269.193
340.740;11274.813
340.860;11288.174
340.980;11310.736
341.100;11343.226
341.220;11361.904
341.340;11380.119
341.460;11392.050
341.580;11413.351
341.700;11444.848
341.820;11476.450
341.940;11511.107
342.060;11549.367
342.180;11589.767
342.300;11633.697
342.420;11672.842
342.540;11724.186
342.660;11751.616
342.780;11804.062
342.900;11854.370
343.020;11902.253
343.140;11948.548
343.260;12006.299
343.380;12063.186
343.500;12146.364
343.620;12232.110
343.740;12320.184
343.860;12409.356
343.980;12505.954
344.100;12605.311
344.220;12699.667
344.340;12798.161
344.460;12722.996
344.580;12815.405
344.700;12908.692
344.820;13006.412
344.940;13082.058
345.060;13146.845
345.180;13132.023
345.300;13202.405
345.420;13266.570
345.540;13331.658
345.660;13399.478
345.780;13474.369
345.900;13541.887
346.020;13600.530
346.140;13650.806
346.260;13703.333
346.380;13755.344
346.500;13805.717
346.620;13852.329
346.740;13896.777
346.860;13939.895
346.980;13978.701
347.100;14009.804
347.220;14028.579
347.340;14054.735
347.460;14089.363
347.580;14118.004
347.700;14145.973
347.820;14174.775
347.940;14204.476
348.060;14236.999
348.180;14247.114
348.300;14252.059
348.420;14257.489
348.540;14264.993
348.660;14274.742
348.780;14292.490
348.900;14273.853
349.020;14247.836
349.140;14217.398
349.260;14186.929
349.380;14158.004
349.500;14386.324
349.620;14361.591
349.740;14331.568
349.860;14298.765
349.980;14267.522
350.100;14238.151
350.220;14209.176
350.340;14179.486
350.460;14149.489
350.580;14118.617
350.700;13831.063
350.820;13799.773
350.940;13769.728
351.060;13737.816
351.180;13697.146
351.300;13653.763
351.420;13582.354
351.540;13522.286
351.660;13464.863
351.780;13410.255
351.900;13357.969
352.020;13307.166
352.140;13256.066
352.260;13204.418
352.380;13149.735
352.500;13095.464
352.620;13043.570
352.740;12979.195
352.860;12919.022
352.980;12863.676
353.100;12795.373
353.220;12715.115
353.340;12627.575
353.460;12542.112
353.580;12463.617
353.700;12389.978
353.820;12329.362
353.940;12271.787
354.060;12216.185
354.180;12157.255
354.300;12103.024
354.420;12047.032
354.540;11996.327
354.660;11954.495
354.780;11915.204
354.900;11961.174
355.020;11923.988
355.140;11891.773
355.260;11835.329
355.380;11760.980
355.500;11696.321
355.620;11634.481
355.740;11742.869
355.860;11675.281
355.980;11605.751
356.100;11534.601
356.220;11458.315
356.340;11381.158
356.460;11299.831
356.580;11213.005
356.700;11121.490
356.820;11027.737
356.940;10922.378
357.060;10833.703
357.180;10730.794
357.300;10623.361
357.420;10547.500
357.540;10437.986
357.660;10345.752
357.780;10257.459
357.900;10160.188
358.020;10061.560
358.140;9966.667
358.260;9873.823
358.380;9781.266
358.500;9688.614
358.620;9597.859
358.740;9508.239
358.860;9415.932
358.980;9323.767
359.100;9218.901
359.220;9128.317
359.340;9045.067
359.460;8960.193
359.580;8870.391
359.700;8782.631
359.820;8702.842
359.940;8623.582
360.060;8543.980
360.180;8465.940
360.300;8390.470
360.420;8322.670
360.540;8257.507
360.660;8191.852
360.780;8124.862
360.900;8053.785
361.020;7974.426
361.140;7917.731
361.260;7863.688
361.380;7818.330
361.500;7767.923
361.620;7719.787
361.740;7673.295
361.860;7627.342
361.980;7581.976
362.100;7536.499
362.220;7491.273
362.340;7446.848
362.460;7375.768
362.580;7333.903
362.700;7291.886
362.820;7248.866
362.940;7203.946
363.060;7153.717
363.180;7102.798
363.300;7067.980
363.420;7029.278
363.540;6989.965
363.660;6950.377
363.780;6909.781
363.900;6868.441
364.020;6826.415
364.140;6783.655
364.260;6738.085
364.380;6686.137
364.500;6633.893
364.620;6581.346
364.740;6528.410
364.860;6474.892
364.980;6423.009
365.100;6371.388
365.220;6316.931
365.340;6256.342
365.460;6205.065
365.580;6160.064
365.700;6115.848
365.820;6072.067
365.940;6028.267
366.060;5986.215
366.180;5945.339
366.300;5902.110
366.420;5857.835
366.540;5811.647
366.660;5765.605
366.780;5719.620
366.900;6479.739
367.020;6432.297
367.140;6367.027
367.260;6294.919
367.380;6221.864
367.500;6188.200
367.620;6127.591
367.740;6068.103
367.860;6009.349
367.980;5951.839
368.100;5899.062
368.220;5853.000
368.340;5808.228
368.460;5764.296
368.580;5718.837
368.700;5673.924
368.820;5629.795
368.940;5586.170
369.060;5542.885
369.180;5499.810
369.300;5456.839
369.420;5413.985
369.540;5371.228
369.660;5328.347
369.780;5285.267
369.900;5246.268
370.020;5208.592
370.140;5171.563
370.260;5134.068
370.380;5095.814
370.500;5058.535
370.620;5023.486
370.740;4996.459
370.860;4970.235
370.980;4944.979
371.100;4921.383
371.220;4900.973
371.340;4892.556
371.460;4868.377
371.580;4844.604
371.700;4821.531
371.820;4808.724
371.940;4799.115
372.060;4789.361
372.180;4779.481
372.300;4769.187
372.420;4758.396
372.540;4747.144
372.660;4735.504
372.780;4723.474
372.900;4711.171
373.020;4698.380
373.140;4685.219
373.260;4671.436
373.380;4657.185
373.500;4642.173
373.620;4626.348
373.740;4609.516
373.860;4592.175
373.980;4574.168
374.100;4555.312
374.220;4535.322
374.340;4514.341
374.460;4492.982
374.580;4471.086
374.700;4448.974
374.820;4427.078
374.940;4377.680
375.060;4357.000
375.180;4338.171
375.300;4327.487
375.420;4304.327
375.540;4271.587
375.660;4237.505
375.780;4202.463
375.900;4168.085
376.020;4133.917
376.140;4100.940
376.260;4069.411
376.380;4037.222
376.500;4004.688
376.620;3971.953
376.740;3938.938
376.860;3905.438
376.980;4579.209
377.100;4544.961
377.220;4255.759
377.340;4223.670
377.460;4191.278
377.580;4159.230
377.700;4131.197
377.820;4107.600
377.940;4080.295
378.060;4052.701
378.180;4025.449
378.300;4004.431
378.420;3984.578
378.540;3965.079
378.660;3945.906
378.780;3926.829
378.900;3907.732
379.020;3880.737
379.140;3849.481
379.260;3818.520
379.380;3788.218
379.500;3582.344
379.620;3537.354
379.740;3498.965
379.860;3464.287
379.980;2078.500
380.100;2048.112
380.220;2016.796
380.340;1980.460
380.460;1945.093
380.580;1911.020
380.700;1883.218
380.820;1863.916
380.940;1845.225
381.060;1826.536
381.180;1808.400
381.300;1790.183
381.420;1771.803
381.540;1753.046
381.660;2862.241
381.780;2845.007
381.900;2827.334
382.020;2809.608
382.140;2791.306
382.260;2772.047
382.380;2735.146
382.500;2701.129
382.620;2673.059
382.740;1539.466
382.860;1490.051
382.980;1484.234
383.100;1476.518
383.220;1481.870
383.340;1493.203
383.460;1502.620
383.580;1511.013
383.700;1518.179
383.820;1524.427
383.940;1530.009
384.060;1536.018
384.180;1540.649
384.300;1543.489
384.420;1543.779
384.540;1538.734
384.660;1075.049
384.780;1088.874
384.900;1102.602
385.020;1116.220
385.140;1129.908
385.260;1143.514
385.380;1157.043
385.500;1170.735
385.620;1184.322
385.740;1197.866
385.860;1211.640
385.980;1225.255
386.100;1238.895
386.220;1252.666
386.340;1266.427
386.460;1280.181
386.580;1295.071
386.700;1310.544
386.820;1325.918
386.940;1341.436
387.060;1357.082
387.180;1372.721
387.300;1388.410
387.420;1665.587
387.540;1745.368
387.660;1797.653
387.780;1842.076
387.900;1881.957
388.020;1919.011
388.140;1954.061
388.260;2371.283
388.380;2572.818
388.500;2734.077
388.620;2870.210
388.740;2992.752
388.860;3105.483
388.980;3208.867
389.100;3305.641
389.220;3396.858
389.340;3484.781
389.460;3566.817
389.580;3649.090
389.700;3733.170
389.820;3808.419
389.940;3850.766
390.060;3921.243
390.180;3991.330
390.300;4058.888
390.420;4126.022
390.540;4189.958
390.660;4252.420
390.780;4309.172
390.900;4345.158
391.020;4418.235
391.140;4492.864
391.260;4566.890
391.380;4648.150
391.500;4726.887
391.620;4816.747
391.740;4911.505
391.860;5007.200
391.980;5105.874
392.100;5209.623
392.220;5313.405
392.340;5417.992
392.460;5298.705
392.580;5241.561
392.700;5236.108
392.820;5255.889
392.940;5286.948
393.060;5328.374
393.180;5381.293
393.300;5446.341
393.420;5512.794
393.540;5580.713
393.660;5646.692
393.780;5707.066
393.900;7585.129
394.020;7644.265
394.140;7711.625
394.260;7779.245
394.380;7860.007
394.500;8141.405
394.620;8197.433
394.740;8261.235
394.860;8327.497
394.980;8417.052
395.100;8483.324
395.220;8548.380
395.340;8609.736
395.460;8662.615
395.580;8716.516
395.700;8766.145
395.820;8808.564
395.940;8982.030
396.060;9148.977
396.180;9268.833
396.300;9373.140
396.420;9370.779
396.540;9305.222
396.660;9295.985
396.780;9296.750
396.900;8354.401
397.020;8352.864
397.140;8353.358
397.260;8355.220
397.380;6955.829
397.500;6903.328
397.620;6872.678
397.740;6849.387
397.860;6833.849
397.980;6816.355
398.100;6801.548
398.220;6790.342
398.340;6776.849
398.460;6772.140
398.580;6771.886
398.700;6779.698
398.820;6796.267
398.940;6813.240
399.060;6837.591
399.180;6857.219
399.300;6869.046
399.420;6880.658
399.540;6899.901
399.660;6919.532
399.780;6932.401
399.900;6955.570
400.020;6917.808
400.140;6881.318
400.260;6842.395
400.380;6808.923
400.500;6785.065
400.620;6760.225
400.740;6731.319
400.860;6700.947
400.980;6674.870
401.100;6652.509
401.220;6630.217
401.340;6609.166
401.460;6589.011
401.580;6575.020
401.700;6556.689
401.820;6540.291
401.940;6526.207
402.060;6514.494
402.180;6507.352
402.300;6508.278
402.420;7935.315
402.540;7915.209
402.660;7895.113
402.780;7876.990
402.900;7861.421
403.020;7850.620
403.140;7848.112
403.260;7860.027
403.380;7929.114
403.500;7936.195
403.620;7842.433
403.740;7731.012
403.860;7573.940
403.980;7415.218
404.100;7390.271
404.220;7352.100
404.340;7305.098
404.460;7257.102
404.580;7207.338
404.700;7153.126
404.820;7117.059
404.940;7037.686
405.060;6982.007
405.180;6933.474
405.300;6890.320
405.420;6817.058
405.540;6734.605
405.660;6673.512
405.780;6623.282
405.900;6579.487
406.020;6533.186
406.140;6491.347
406.260;6452.275
406.380;6417.197
406.500;6392.113
406.620;6361.348
406.740;6343.714
406.860;6332.350
406.980;5254.758
407.100;5264.454
407.220;5298.064
407.340;5377.264
407.460;5519.395
407.580;5429.959
407.700;5343.411
407.820;5256.302
407.940;5171.089
408.060;5085.394
408.180;5002.416
408.300;4910.922
408.420;4820.646
408.540;4717.942
408.660;4612.391
408.780;4508.205
408.900;4393.794
409.020;4332.561
409.140;4254.129
409.260;4175.271
409.380;4098.462
409.500;4032.480
409.620;3965.777
409.740;3896.244
409.860;3829.541
409.980;3785.933
410.100;3712.043
410.220;3634.643
410.340;3554.339
410.460;3471.640
410.580;3383.789
410.700;3295.271
410.820;3198.046
410.940;3094.766
411.060;2982.123
411.180;2859.674
411.300;2723.632
411.420;2562.461
411.540;2361.033
411.660;1943.916
411.780;1908.959
411.900;1871.988
412.020;1832.176
412.140;1787.833
412.260;1735.632
412.380;1655.945
412.500;1378.863
412.620;1363.253
412.740;1347.688
412.860;1332.114
412.980;1316.681
413.100;1301.395
413.220;1285.820
413.340;1272.083
413.460;1258.374
413.580;1244.662
413.700;1245.553
413.820;1260.940
413.940;1277.099
414.060;1293.642
414.180;1310.885
414.300;1328.493
414.420;1346.384
414.540;1364.774
414.660;1397.020
414.780;1432.771
414.900;1469.266
415.020;1485.461
415.140;1493.706
415.260;1860.282
415.380;1888.928
415.500;1911.729
415.620;1931.682
415.740;1949.731
415.860;1966.326
415.980;1988.191
416.100;2014.980
416.220;2040.792
416.340;2065.292
416.460;2099.533
416.580;2150.046
416.700;3205.662
416.820;3208.743
416.940;3198.537
417.060;3219.823
417.180;3224.873
417.300;3229.102
417.420;3233.251
417.540;3237.111
417.660;2141.144
417.780;2145.041
417.900;2177.091
418.020;2210.917
418.140;2245.448
418.260;2422.551
418.380;2458.738
418.500;2495.480
418.620;2532.944
418.740;2570.842
418.860;2609.697
418.980;2648.849
419.100;2682.542
419.220;2708.414
419.340;2742.949
419.460;2778.253
419.580;2814.137
419.700;2851.438
419.820;2890.389
419.940;4284.179
420.060;4327.786
420.180;4375.089
420.300;4429.252
420.420;4643.241
420.540;4675.773
420.660;4711.566
420.780;4802.733
420.900;4866.617
421.020;4916.064
421.140;4963.533
421.260;5010.024
421.380;5063.386
421.500;5126.132
421.620;5195.805
421.740;5279.017
421.860;5363.431
421.980;5448.846
422.100;5531.734
422.220;5618.652
422.340;5706.623
422.460;5793.383
422.580;5879.603
422.700;5977.540
422.820;6084.251
422.940;5472.520
423.060;5565.198
423.180;5655.506
423.300;5744.483
423.420;5832.501
423.540;5920.732
423.660;6011.974
423.780;6102.767
423.900;6193.227
424.020;6282.477
424.140;6369.499
424.260;6455.029
424.380;6539.365
424.500;6622.652
424.620;6709.238
424.740;6806.335
424.860;6904.397
424.980;7030.687
425.100;7121.593
425.220;7212.816
425.340;7304.862
425.460;7392.159
425.580;7469.271
425.700;7544.512
425.820;7617.273
425.940;7688.540
426.060;7758.083
426.180;7823.772
426.300;7881.480
426.420;7931.784
426.540;7980.835
426.660;8028.753
426.780;8075.624
426.900;8121.519
427.020;8166.560
427.140;8210.054
427.260;8252.429
427.380;8294.025
427.500;8329.077
427.620;8353.665
427.740;8377.739
427.860;8373.544
427.980;8381.868
428.100;8393.171
428.220;8406.507
428.340;8420.758
428.460;8435.914
428.580;8451.641
428.700;8465.708
428.820;8478.118
428.940;8488.800
429.060;8497.527
429.180;8504.526
429.300;8509.454
429.420;8512.853
429.540;8514.905
429.660;8509.757
429.780;8499.127
429.900;8488.835
430.020;8480.321
430.140;8472.710
430.260;8465.443
430.380;8458.324
430.500;8451.195
430.620;8443.915
430.740;8435.662
430.860;8425.539
430.980;8415.027
431.100;8403.486
431.220;8390.285
431.340;8373.373
431.460;8344.048
431.580;8339.325
431.700;8333.638
431.820;8329.435
431.940;8325.936
432.060;8323.763
432.180;8323.262
432.300;8324.250
432.420;8299.192
432.540;8304.334
432.660;8317.901
432.780;8339.665
432.900;7558.736
433.020;7587.762
433.140;7617.221
433.260;7647.088
433.380;7678.740
433.500;7713.454
433.620;7749.136
433.740;7786.363
433.860;7827.236
433.980;7873.136
434.100;7894.353
434.220;7914.916
434.340;7935.317
434.460;7954.594
434.580;7971.898
434.700;7986.855
434.820;7999.821
434.940;8010.486
435.060;8020.202
435.180;8029.169
435.300;8037.363
435.420;8045.215
435.540;8052.642
435.660;8060.024
435.780;8069.762
435.900;8082.520
436.020;8097.033
436.140;8113.465
436.260;8130.341
436.380;8146.423
436.500;8161.409
436.620;8175.425
436.740;8189.814
436.860;8202.921
436.980;8217.819
437.100;8234.654
437.220;8251.084
437.340;8262.836
437.460;8300.594
437.580;8311.700
437.700;8332.404
437.820;8358.317
437.940;8382.975
438.060;8405.915
438.180;8430.272
438.300;8458.685
438.420;8486.192
438.540;8510.592
438.660;8525.345
438.780;8540.635
438.900;8609.122
439.020;8665.150
439.140;8715.326
439.260;8762.468
439.380;8804.665
439.500;8841.469
439.620;8875.660
439.740;8907.797
439.860;8934.884
439.980;8959.960
440.100;8982.053
440.220;8996.059
440.340;9007.010
440.460;9005.786
440.580;9006.321
440.700;9008.529
440.820;9007.356
440.940;9002.213
441.060;8985.485
441.180;9011.229
441.300;9036.679
441.420;9055.459
441.540;9073.383
441.660;9091.542
441.780;9111.358
441.900;9134.125
442.020;9157.173
442.140;9181.330
442.260;9206.622
442.380;9207.168
442.500;9234.612
442.620;9259.086
442.740;9284.121
442.860;9331.778
442.980;9384.681
443.100;9429.297
443.220;9475.899
443.340;9522.363
443.460;9565.268
443.580;9607.724
443.700;9649.946
443.820;9692.758
443.940;9738.787
444.060;9795.370
444.180;9518.739
444.300;9580.282
444.420;9642.786
444.540;9711.184
444.660;9781.382
444.780;9849.479
444.900;9833.872
445.020;9899.304
445.140;9967.789
445.260;10038.768
445.380;10111.430
445.500;10180.761
445.620;10246.784
445.740;10289.190
445.860;10336.984
445.980;10392.591
446.100;10445.152
446.220;10523.472
446.340;10612.142
446.460;10698.689
446.580;10782.884
446.700;10859.843
446.820;10919.591
446.940;10952.578
447.060;11001.439
447.180;11052.154
447.300;11103.372
447.420;11154.642
447.540;11203.455
447.660;11242.923
447.780;11274.924
447.900;11305.801
448.020;11336.722
448.140;11360.565
448.260;11383.490
448.380;11407.282
448.500;11431.541
448.620;11461.904
448.740;11486.024
448.860;11498.410
448.980;11504.017
449.100;11512.727
449.220;12041.536
449.340;12062.299
449.460;12085.218
449.580;12111.991
449.700;12136.036
449.820;12159.944
449.940;12183.422
450.060;12199.053
450.180;12220.124
450.300;12245.652
450.420;12273.114
450.540;12302.981
450.660;12333.903
450.780;12362.234
450.900;12384.161
451.020;12383.238
451.140;12316.143
451.260;12273.522
451.380;12233.024
451.500;12192.766
451.620;12151.786
451.740;12109.659
451.860;12071.872
451.980;12035.983
452.100;12000.089
452.220;11966.829
452.340;11940.155
452.460;11898.699
452.580;11871.346
452.700;11804.961
452.820;11762.244
452.940;11713.688
453.060;11666.943
453.180;11631.830
453.300;11605.079
453.420;11580.149
453.540;11556.273
453.660;11532.234
453.780;11509.110
453.900;11480.133
454.020;11460.752
454.140;11439.225
454.260;11422.269
454.380;11405.218
454.500;11387.449
454.620;11367.404
454.740;11347.528
454.860;11338.161
454.980;11301.508
455.100;11227.544
455.220;11165.203
455.340;11115.246
455.460;11069.366
455.580;11025.503
455.700;10986.348
455.820;10946.004
455.940;10899.805
456.060;10858.027
456.180;10816.099
456.300;10780.625
456.420;10747.304
456.540;10713.644
456.660;10673.472
456.780;10657.357
456.900;10612.010
457.020;10559.486
457.140;10499.659
457.260;10442.195
457.380;10388.549
457.500;10343.534
457.620;10287.962
457.740;10210.040
457.860;10132.273
457.980;10061.983
458.100;9990.420
458.220;9932.005
458.340;9872.142
458.460;9812.240
458.580;9753.297
458.700;9690.191
458.820;9619.923
458.940;9572.259
459.060;9544.839
459.180;9522.107
459.300;9483.743
459.420;9437.127
459.540;9387.873
459.660;9337.225
459.780;9285.120
459.900;9232.893
460.020;9180.291
460.140;9126.778
460.260;9072.289
460.380;9017.816
460.500;8965.325
460.620;8914.636
460.740;8865.476
460.860;8817.760
460.980;8772.195
461.100;8737.610
461.220;8697.956
461.340;8655.984
461.460;8614.294
461.580;8573.508
461.700;8533.435
461.820;8494.125
461.940;8456.026
462.060;8418.160
462.180;8379.855
462.300;8341.325
462.420;8302.246
462.540;8260.855
462.660;8215.202
462.780;8158.512
462.900;8100.156
463.020;8074.778
463.140;8042.056
463.260;8008.704
463.380;7980.249
463.500;7947.092
463.620;7913.326
463.740;7877.994
463.860;7840.826
463.980;7801.625
464.100;7749.039
464.220;7690.150
464.340;7631.240
464.460;7571.946
464.580;7512.070
464.700;7451.319
464.820;7389.486
464.940;7325.047
465.060;7251.303
465.180;7203.908
465.300;7158.464
465.420;7112.693
465.540;7066.588
465.660;7020.340
465.780;6973.708
465.900;6926.835
466.020;6879.619
466.140;6832.126
466.260;6784.195
466.380;6735.871
466.500;6687.085
466.620;6637.407
466.740;6586.370
466.860;6533.166
466.980;6474.525
467.100;6412.014
467.220;6370.569
467.340;6330.293
467.460;6292.040
467.580;6255.536
467.700;6220.641
467.820;6187.519
467.940;6156.678
468.060;6130.624
468.180;6105.637
468.300;6081.961
468.420;6059.722
468.540;6039.128
468.660;6020.434
468.780;6004.513
468.900;6000.287
469.020;6007.616
469.140;6013.798
469.260;6018.536
469.380;6022.421
469.500;6025.800
469.620;6029.003
469.740;6031.918
469.860;6034.976
469.980;6038.468
470.100;6043.205
470.220;6050.884
470.340;6068.281
470.460;6080.206
470.580;6066.628
470.700;6054.398
470.820;6044.960
470.940;6041.062
471.060;6056.338
471.180;6033.546
471.300;6010.348
471.420;5984.338
471.540;5957.249
471.660;5929.162
471.780;5900.227
471.900;5870.419
472.020;5839.979
472.140;5808.876
472.260;5776.869
472.380;5744.451
472.500;5711.754
472.620;5679.082
472.740;5643.968
472.860;5606.796
472.980;5569.402
473.100;5532.188
473.220;5494.658
473.340;5457.140
473.460;5419.122
473.580;5380.600
473.700;5342.155
473.820;5303.716
473.940;5265.639
474.060;5228.797
474.180;5194.199
474.300;5159.865
474.420;5124.182
474.540;5080.791
474.660;5035.636
474.780;4992.686
474.900;4954.159
475.020;4932.783
475.140;4889.004
475.260;4830.791
475.380;4771.298
475.500;4711.164
475.620;4651.239
475.740;4591.590
475.860;4531.927
475.980;4472.612
476.100;4413.974
476.220;4355.908
476.340;4298.475
476.460;4241.611
476.580;4185.305
476.700;4127.934
476.820;4068.267
476.940;3496.423
477.060;3444.849
477.180;3394.196
477.300;3344.490
477.420;3296.138
477.540;3248.745
477.660;3202.176
477.780;3155.902
477.900;3106.047
478.020;3056.992
478.140;3008.942
478.260;2961.654
478.380;2915.908
478.500;2868.344
478.620;2821.432
478.740;2775.256
478.860;2731.056
478.980;2683.618
479.100;2637.062
479.220;2591.768
479.340;2548.434
479.460;2505.736
479.580;2463.185
479.700;2420.695
479.820;2378.143
479.940;2335.452
480.060;2292.449
480.180;2249.229
480.300;2205.990
480.420;2162.709
480.540;2106.746
480.660;2047.805
480.780;1989.922
480.900;1933.989
481.020;1881.162
481.140;1828.877
481.260;1775.804
481.380;1719.656
481.500;1667.689
481.620;1616.301
481.740;1568.666
481.860;1541.396
481.980;1514.171
482.100;1486.791
482.220;1460.003
482.340;1438.726
482.460;1417.205
482.580;1395.655
482.700;1373.922
482.820;1351.895
482.940;1329.808
483.060;1307.324
483.180;1284.619
483.300;1261.590
483.420;1238.066
483.540;1214.189
483.660;1189.546
483.780;1164.198
483.900;1137.885
484.020;1109.804
484.140;1081.254
484.260;1041.748
484.380;422.724
484.500;399.848
484.620;371.962
484.740;332.387
484.860;293.413
484.980;255.100
485.100;217.479
485.220;180.622
485.340;144.579
485.460;109.465
485.580;75.408
485.700;42.623
485.820;11.573
485.940;0.000
